´ë¿©¼Ò_ID,nearest_subway_dist_m,nearest_bus_dist_m
ST-997,1011.88,24.27
ST-996,504.22,63.21
ST-995,777.29,65.25
ST-994,560.82,102.1
ST-993,401.02,97.4
ST-992,568.97,84.03
ST-991,973.38,97.25
ST-990,373.78,15.99
ST-99,55.87,93.35
ST-988,435.12,48.58
ST-987,579.63,136.53
ST-986,746.74,6.37
ST-985,29.37,48.28
ST-984,372.56,69.61
ST-983,56.39,46.68
ST-982,520.27,206.0
ST-981,666.0,119.28
ST-980,1058.33,353.32
ST-98,355.29,116.2
ST-979,932.95,43.19
ST-978,874.56,128.06
ST-977,240.51,207.11
ST-976,46.36,12.04
ST-975,150.43,74.41
ST-974,598.77,411.1
ST-973,444.24,297.31
ST-972,230.51,195.85
ST-971,441.41,43.98
ST-970,552.5,20.41
ST-97,110.78,76.91
ST-969,440.09,90.21
ST-968,436.9,76.22
ST-967,676.31,427.87
ST-966,546.23,167.58
ST-965,66.06,79.36
ST-964,657.62,195.37
ST-963,80.22,27.69
ST-962,477.46,31.27
ST-961,524.73,146.34
ST-960,466.51,22.05
ST-96,394.67,108.08
ST-959,212.93,20.97
ST-958,1225.77,24.53
ST-957,746.57,64.39
ST-956,806.02,35.1
ST-955,81.28,73.71
ST-954,527.75,42.71
ST-953,305.33,27.52
ST-952,821.06,18.67
ST-951,288.18,37.36
ST-950,236.83,43.93
ST-95,123.9,92.98
ST-949,826.14,62.85
ST-948,78.92,62.6
ST-947,348.36,106.73
ST-946,248.02,58.08
ST-945,217.61,58.04
ST-944,113.36,40.72
ST-943,108.13,42.42
ST-942,700.63,91.6
ST-941,3146.76,17.97
ST-940,2915.55,86.49
ST-94,307.97,59.79
ST-939,2308.74,49.43
ST-938,1748.46,48.59
ST-937,410.71,7.29
ST-936,266.41,34.8
ST-935,307.52,94.54
ST-934,230.99,141.91
ST-933,73.93,53.93
ST-932,27.82,40.61
ST-931,362.92,19.65
ST-930,57.69,88.01
ST-93,173.87,26.49
ST-929,1647.22,77.04
ST-928,193.03,108.87
ST-927,313.32,16.27
ST-926,1144.33,56.15
ST-925,75.9,50.22
ST-924,94.16,91.43
ST-923,34.66,104.41
ST-922,119.77,15.2
ST-921,23.17,47.12
ST-920,133.81,11.84
ST-92,876.04,26.8
ST-919,442.45,38.68
ST-918,135.81,21.84
ST-917,101.71,42.13
ST-916,248.18,31.53
ST-915,102.67,45.84
ST-914,111.07,72.78
ST-913,107.8,8.84
ST-912,348.86,60.36
ST-911,21.28,33.17
ST-910,76.05,80.16
ST-91,705.37,45.17
ST-909,575.78,173.85
ST-908,531.46,24.56
ST-907,237.32,101.46
ST-906,133.07,3.65
ST-905,113.93,50.68
ST-904,477.84,33.71
ST-903,253.6,24.83
ST-902,553.83,112.1
ST-901,565.35,41.16
ST-900,681.34,150.91
ST-90,483.23,13.21
ST-9,456.39,45.48
ST-899,683.42,192.74
ST-898,532.65,189.23
ST-897,459.64,78.15
ST-896,541.31,99.35
ST-895,29.1,89.15
ST-894,296.12,76.31
ST-893,68.98,208.84
ST-892,28.77,59.51
ST-891,72.41,51.18
ST-890,772.92,75.1
ST-89,111.08,150.85
ST-889,837.68,163.24
ST-888,468.81,48.7
ST-887,69.13,85.75
ST-886,309.01,20.4
ST-885,56.57,51.78
ST-884,376.29,75.65
ST-883,607.27,141.51
ST-882,566.16,3.12
ST-881,1319.49,102.12
ST-880,1590.82,32.65
ST-88,814.34,51.11
ST-879,1045.95,111.7
ST-878,20.99,32.39
ST-877,459.46,8.74
ST-876,52.17,51.24
ST-875,798.58,43.83
ST-874,658.73,47.59
ST-873,139.97,76.69
ST-872,55.41,10.98
ST-871,174.87,8.92
ST-870,53.76,64.62
ST-87,123.96,121.24
ST-869,178.37,55.6
ST-868,469.74,3.4
ST-867,659.35,105.42
ST-866,302.54,15.7
ST-865,150.86,9.12
ST-864,178.84,71.43
ST-863,185.73,104.88
ST-862,745.61,184.32
ST-861,1015.61,75.89
ST-860,988.49,80.94
ST-86,591.9,62.1
ST-859,973.86,39.43
ST-857,59.05,73.74
ST-856,832.27,49.6
ST-855,735.27,91.75
ST-854,294.54,49.93
ST-853,462.4,57.81
ST-852,74.23,99.1
ST-851,281.05,41.15
ST-850,46.94,92.56
ST-85,457.1,47.97
ST-849,23.41,31.03
ST-848,23.84,133.42
ST-847,98.07,39.5
ST-846,170.68,37.61
ST-845,77.02,36.67
ST-843,102.72,80.91
ST-842,42.85,12.17
ST-841,586.71,47.76
ST-840,135.53,39.37
ST-84,791.53,15.94
ST-839,68.67,13.78
ST-838,34.85,103.94
ST-837,92.61,6.17
ST-836,689.61,66.71
ST-835,460.7,20.21
ST-834,584.23,41.19
ST-833,182.03,128.03
ST-832,76.25,53.41
ST-831,75.86,38.61
ST-830,401.38,26.29
ST-83,1054.57,5.96
ST-829,23.68,94.26
ST-828,394.08,53.57
ST-827,408.45,14.52
ST-826,1394.51,45.13
ST-825,34.86,50.15
ST-824,558.61,26.86
ST-823,44.42,68.43
ST-822,63.53,25.79
ST-821,1023.34,30.31
ST-820,637.7,83.85
ST-82,280.02,81.03
ST-819,527.53,56.79
ST-818,19.99,191.96
ST-817,675.35,40.01
ST-816,76.97,172.71
ST-815,76.17,145.78
ST-814,758.68,19.99
ST-813,870.47,76.65
ST-812,492.25,104.74
ST-811,498.22,8.09
ST-810,707.78,72.93
ST-81,1301.3,23.05
ST-809,812.87,89.6
ST-808,589.06,54.49
ST-807,570.11,178.86
ST-806,684.93,36.06
ST-805,83.73,116.67
ST-804,118.46,163.65
ST-803,181.95,62.0
ST-802,554.46,45.9
ST-801,166.9,213.28
ST-800,79.64,31.96
ST-80,890.73,24.62
ST-8,78.66,42.16
ST-799,77.34,98.46
ST-798,628.41,277.93
ST-797,585.52,60.35
ST-796,635.69,119.91
ST-795,295.79,46.89
ST-794,419.4,91.53
ST-793,485.48,63.66
ST-792,174.07,19.28
ST-791,23.33,124.48
ST-790,684.7,110.8
ST-79,840.16,16.6
ST-789,456.3,58.71
ST-788,31.23,90.68
ST-787,129.21,24.69
ST-786,168.81,16.45
ST-785,1568.64,89.57
ST-784,558.11,149.06
ST-783,354.26,129.17
ST-782,102.15,25.98
ST-781,446.88,26.44
ST-780,25.81,25.5
ST-78,1096.31,5.37
ST-779,2354.82,49.56
ST-778,1797.7,12.76
ST-777,677.25,31.6
ST-776,420.96,84.66
ST-775,1089.71,44.67
ST-774,1061.03,195.08
ST-773,310.64,128.96
ST-772,23.69,81.24
ST-771,1327.22,252.8
ST-770,805.26,154.55
ST-77,1412.4,92.94
ST-769,760.85,13.96
ST-768,316.02,49.18
ST-767,46.41,57.76
ST-766,480.78,85.93
ST-765,82.93,6.6
ST-764,127.12,47.29
ST-763,522.51,104.17
ST-762,781.6,155.65
ST-761,277.89,89.5
ST-760,74.33,35.55
ST-76,1371.29,23.46
ST-759,286.24,14.51
ST-758,574.17,58.92
ST-757,181.65,32.28
ST-756,769.94,51.45
ST-755,875.93,54.33
ST-754,454.81,49.87
ST-753,128.17,26.35
ST-752,245.57,36.49
ST-751,132.92,285.81
ST-750,47.31,14.6
ST-749,466.22,93.15
ST-748,158.75,48.37
ST-747,278.57,176.52
ST-746,493.66,41.98
ST-745,214.39,71.77
ST-744,976.54,45.27
ST-743,796.85,19.27
ST-742,222.85,53.72
ST-741,768.58,22.85
ST-740,64.92,69.4
ST-74,606.36,212.7
ST-739,418.46,94.43
ST-738,529.53,53.76
ST-737,217.62,97.59
ST-736,1176.38,19.0
ST-735,97.59,9.27
ST-734,249.69,37.76
ST-733,181.75,58.49
ST-732,537.96,110.0
ST-731,376.83,24.84
ST-730,290.46,76.01
ST-73,88.72,23.76
ST-729,411.21,92.42
ST-728,115.26,48.63
ST-727,547.88,78.37
ST-726,61.24,45.07
ST-725,452.92,42.5
ST-724,106.09,52.46
ST-723,551.57,54.38
ST-722,719.52,32.43
ST-721,1002.38,39.09
ST-720,194.05,44.29
ST-72,54.5,147.53
ST-719,309.34,42.03
ST-718,717.08,12.04
ST-717,176.42,18.47
ST-716,776.0,60.07
ST-715,185.49,45.78
ST-714,158.65,33.07
ST-713,430.59,46.89
ST-712,53.28,60.89
ST-711,654.98,64.61
ST-710,704.45,207.51
ST-71,57.66,83.57
ST-709,1121.36,23.39
ST-708,74.93,56.41
ST-707,1503.04,30.57
ST-706,56.61,29.97
ST-705,1387.13,35.71
ST-704,810.61,8.81
ST-703,561.85,6.52
ST-702,250.36,44.27
ST-701,501.62,13.05
ST-700,442.07,30.85
ST-70,423.03,93.55
ST-7,108.64,17.79
ST-699,96.69,27.86
ST-698,358.48,24.67
ST-697,545.01,44.49
ST-696,185.58,49.84
ST-695,95.17,43.98
ST-694,860.16,37.49
ST-693,446.15,21.92
ST-692,68.2,117.76
ST-691,77.31,55.67
ST-690,46.65,34.58
ST-69,417.6,86.13
ST-689,159.62,35.59
ST-688,104.7,36.71
ST-687,107.53,90.57
ST-686,465.52,79.75
ST-685,601.55,69.23
ST-684,32.39,43.52
ST-683,66.74,34.1
ST-682,515.63,90.16
ST-681,374.92,126.07
ST-680,164.68,77.78
ST-68,695.78,74.12
ST-679,797.01,5.9
ST-678,814.61,54.18
ST-677,628.13,132.84
ST-676,1184.43,138.66
ST-675,368.07,40.06
ST-674,914.02,40.78
ST-673,550.15,129.81
ST-672,723.12,57.05
ST-671,448.77,81.64
ST-670,347.42,9.01
ST-67,654.03,255.43
ST-669,428.85,52.27
ST-668,36.87,52.87
ST-667,650.15,41.19
ST-666,203.25,6.25
ST-665,926.72,40.25
ST-664,121.16,81.25
ST-663,10.73,42.73
ST-662,515.86,18.45
ST-661,1673.66,28.82
ST-660,146.44,109.83
ST-66,532.56,43.86
ST-659,88.14,3.92
ST-658,775.82,82.86
ST-657,77.93,63.91
ST-656,144.92,17.74
ST-655,310.28,59.36
ST-654,180.37,136.66
ST-653,160.21,70.22
ST-652,193.65,105.64
ST-651,446.56,47.02
ST-650,328.37,55.59
ST-65,400.33,242.4
ST-649,345.82,6.66
ST-648,462.91,82.85
ST-647,81.68,76.13
ST-646,246.38,4.23
ST-645,331.18,66.44
ST-644,309.38,72.93
ST-643,160.51,37.64
ST-642,196.51,40.34
ST-641,395.19,79.45
ST-640,348.48,40.66
ST-64,307.22,80.04
ST-639,91.73,68.41
ST-638,1010.1,48.91
ST-637,653.14,37.29
ST-636,757.35,48.42
ST-635,1126.14,20.25
ST-634,516.57,18.4
ST-633,278.71,76.11
ST-632,539.43,59.99
ST-631,547.15,41.33
ST-630,679.25,14.83
ST-63,303.9,60.45
ST-629,855.62,51.09
ST-628,925.2,18.05
ST-627,955.51,2.02
ST-626,1306.18,40.29
ST-625,948.16,41.4
ST-624,435.54,84.05
ST-623,635.55,59.8
ST-622,816.63,80.09
ST-621,621.26,78.31
ST-620,432.78,17.71
ST-62,175.22,81.39
ST-619,27.62,59.69
ST-618,174.47,49.42
ST-617,279.45,20.4
ST-616,175.75,116.88
ST-615,729.36,31.89
ST-614,275.04,33.89
ST-613,135.8,22.03
ST-612,274.23,20.06
ST-611,182.33,25.28
ST-610,560.37,18.28
ST-61,463.61,142.11
ST-609,451.3,40.11
ST-608,262.75,146.59
ST-607,295.73,83.12
ST-606,447.54,170.36
ST-605,141.17,5.45
ST-604,546.85,84.36
ST-603,98.52,16.97
ST-602,105.78,29.25
ST-600,90.7,15.43
ST-60,315.1,82.28
ST-6,181.6,20.68
ST-599,348.42,217.66
ST-598,330.33,71.35
ST-597,676.9,47.68
ST-596,221.53,60.09
ST-595,805.73,41.63
ST-594,560.82,79.28
ST-593,513.62,103.96
ST-592,551.67,28.14
ST-591,642.44,40.47
ST-590,10.65,26.66
ST-59,449.11,6.42
ST-589,758.06,41.65
ST-588,34.69,28.97
ST-587,850.02,83.56
ST-586,49.35,3.95
ST-585,408.93,30.33
ST-584,752.54,59.65
ST-583,719.23,55.98
ST-582,459.92,79.48
ST-581,321.5,58.4
ST-580,431.68,1.76
ST-58,66.88,119.95
ST-579,218.3,117.48
ST-578,114.21,61.74
ST-577,101.23,113.35
ST-576,802.71,52.11
ST-575,267.16,43.28
ST-574,221.13,93.31
ST-573,376.94,8.88
ST-572,109.11,50.39
ST-571,91.77,47.68
ST-570,23.84,133.42
ST-57,58.84,105.19
ST-569,49.94,76.0
ST-568,104.65,52.04
ST-567,204.15,120.92
ST-566,84.44,37.31
ST-565,473.97,23.93
ST-564,729.06,114.48
ST-563,42.72,86.91
ST-562,716.54,15.09
ST-561,875.58,32.55
ST-560,649.24,53.08
ST-56,409.69,33.33
ST-559,169.3,17.05
ST-558,322.39,5.34
ST-557,71.29,45.21
ST-556,161.67,12.64
ST-555,1307.16,84.61
ST-554,1236.77,137.05
ST-553,324.69,38.07
ST-552,550.25,5.27
ST-551,650.46,83.68
ST-550,425.59,126.37
ST-55,442.25,97.24
ST-549,283.1,25.49
ST-548,249.13,67.23
ST-547,103.45,85.26
ST-546,368.09,113.87
ST-545,326.05,150.04
ST-544,68.14,27.88
ST-543,629.16,77.8
ST-542,48.02,229.07
ST-541,81.55,68.12
ST-540,174.4,98.3
ST-54,341.04,202.95
ST-539,216.34,96.47
ST-538,381.73,158.97
ST-537,761.49,27.89
ST-536,339.59,64.16
ST-535,339.94,68.46
ST-534,603.43,26.06
ST-533,1358.87,54.3
ST-532,1059.69,83.3
ST-531,749.12,48.23
ST-530,532.98,37.56
ST-53,381.91,8.09
ST-529,546.09,279.08
ST-528,182.8,145.15
ST-527,703.29,25.58
ST-526,235.2,13.11
ST-525,68.49,99.28
ST-524,179.16,19.27
ST-523,26.65,37.34
ST-522,83.72,69.02
ST-521,758.43,194.72
ST-520,539.08,239.39
ST-52,309.84,183.02
ST-519,315.69,77.48
ST-518,377.06,73.95
ST-517,434.6,42.11
ST-516,43.0,34.45
ST-515,672.46,77.4
ST-514,804.1,15.96
ST-513,299.97,43.33
ST-512,463.35,33.81
ST-511,45.36,67.0
ST-510,17.45,30.63
ST-51,73.29,53.39
ST-509,463.67,264.64
ST-508,430.1,76.64
ST-507,335.73,32.81
ST-506,77.24,46.23
ST-505,480.48,81.32
ST-504,772.54,24.36
ST-503,602.63,126.5
ST-502,558.17,140.6
ST-501,527.41,98.93
ST-500,470.07,43.2
ST-50,75.51,52.77
ST-5,144.5,10.51
ST-499,296.9,51.09
ST-498,112.08,11.16
ST-497,59.37,63.89
ST-496,238.35,11.86
ST-495,274.26,51.09
ST-494,391.86,78.23
ST-493,82.86,139.33
ST-492,103.91,47.87
ST-491,615.34,25.76
ST-490,402.35,56.41
ST-488,364.9,11.71
ST-487,620.78,132.76
ST-486,567.29,78.2
ST-485,372.47,31.18
ST-484,330.33,71.35
ST-483,145.42,104.77
ST-482,307.58,104.9
ST-481,244.26,18.41
ST-480,170.77,45.09
ST-48,430.69,404.44
ST-479,669.42,118.61
ST-478,529.65,41.51
ST-477,566.91,41.1
ST-476,1770.1,50.2
ST-475,149.06,49.26
ST-474,41.75,52.75
ST-473,149.79,55.95
ST-472,1157.45,51.88
ST-471,448.58,108.62
ST-470,123.49,46.63
ST-47,593.61,136.75
ST-469,749.07,32.3
ST-467,498.34,65.64
ST-466,246.92,7.97
ST-465,68.62,71.09
ST-464,238.41,95.7
ST-463,60.31,73.46
ST-462,38.0,43.41
ST-461,464.31,84.61
ST-460,336.24,29.84
ST-46,463.11,115.05
ST-459,51.46,44.9
ST-457,938.31,4.9
ST-456,200.91,111.15
ST-455,158.8,131.02
ST-454,183.24,77.14
ST-453,60.78,59.28
ST-452,1478.4,32.99
ST-451,1208.25,34.55
ST-450,661.52,224.17
ST-45,351.38,286.06
ST-449,672.3,38.28
ST-448,494.37,34.07
ST-447,214.7,141.27
ST-446,863.72,46.81
ST-445,180.21,98.39
ST-444,377.82,57.38
ST-443,390.41,23.1
ST-442,512.84,55.22
ST-441,346.38,21.0
ST-440,639.7,53.34
ST-439,423.41,11.22
ST-438,99.28,73.06
ST-437,243.49,23.05
ST-436,103.29,179.45
ST-435,120.39,72.23
ST-434,487.99,53.26
ST-433,907.7,35.23
ST-432,1649.45,45.99
ST-431,564.15,20.75
ST-430,435.0,38.0
ST-43,570.14,75.08
ST-429,503.9,78.57
ST-428,562.04,176.6
ST-427,511.88,173.99
ST-426,91.65,121.12
ST-425,376.71,309.24
ST-424,251.43,111.91
ST-422,245.69,35.63
ST-421,410.57,153.7
ST-420,437.29,76.14
ST-42,744.75,74.87
ST-419,365.57,36.85
ST-418,392.99,25.41
ST-417,549.18,46.07
ST-416,516.64,29.79
ST-414,796.57,290.23
ST-413,87.84,69.28
ST-410,893.28,71.89
ST-41,167.34,135.01
ST-409,175.76,61.08
ST-408,49.77,42.9
ST-407,287.91,85.37
ST-406,544.54,504.51
ST-405,776.21,544.46
ST-404,847.6,17.66
ST-403,556.19,30.51
ST-402,476.43,86.02
ST-401,328.49,47.77
ST-400,61.4,61.16
ST-40,496.65,99.21
ST-4,70.98,57.81
ST-399,182.78,68.95
ST-398,203.3,62.82
ST-397,215.99,157.14
ST-396,937.0,44.83
ST-395,1421.25,54.97
ST-394,561.59,296.88
ST-393,426.31,29.07
ST-392,463.32,27.97
ST-391,589.27,38.43
ST-390,903.96,88.02
ST-39,250.12,57.68
ST-389,798.84,23.81
ST-388,265.26,74.25
ST-387,80.66,57.04
ST-386,293.57,10.77
ST-385,71.03,99.77
ST-384,843.54,45.75
ST-383,202.65,23.41
ST-382,284.88,61.93
ST-381,377.68,52.27
ST-380,418.41,75.26
ST-38,337.99,86.87
ST-379,666.8,119.67
ST-378,223.48,76.31
ST-377,531.4,33.29
ST-376,232.57,116.1
ST-375,389.51,26.33
ST-374,311.1,263.02
ST-373,12.31,27.19
ST-372,140.58,35.94
ST-371,706.76,40.88
ST-370,381.67,24.15
ST-37,249.81,127.12
ST-369,422.32,38.98
ST-368,99.16,60.69
ST-367,220.21,220.43
ST-366,55.93,51.09
ST-365,29.0,64.08
ST-364,704.92,50.93
ST-363,585.08,140.92
ST-362,88.96,13.29
ST-361,617.62,38.6
ST-360,21.0,9.58
ST-36,322.96,101.72
ST-359,310.64,53.21
ST-358,487.46,20.77
ST-357,234.86,247.89
ST-356,692.04,24.88
ST-355,670.71,83.23
ST-354,254.09,40.65
ST-353,87.32,106.75
ST-352,943.63,28.04
ST-351,225.05,32.32
ST-350,193.41,180.82
ST-35,212.62,40.35
ST-349,530.9,79.47
ST-348,787.47,86.38
ST-347,561.5,46.32
ST-346,816.39,19.67
ST-345,692.46,100.68
ST-344,456.33,246.81
ST-343,581.82,249.32
ST-342,376.39,123.46
ST-341,483.43,15.04
ST-3408,511.16,69.08
ST-3407,68.84,95.32
ST-3406,285.2,44.22
ST-3405,149.26,46.14
ST-3404,446.96,118.51
ST-3403,106.74,219.07
ST-3402,166.54,210.38
ST-3401,82.31,45.61
ST-3400,102.33,134.82
ST-340,810.61,149.86
ST-34,252.96,86.97
ST-3399,771.72,64.18
ST-3398,471.04,16.44
ST-3397,342.9,82.0
ST-3396,82.76,37.22
ST-3394,686.15,240.37
ST-3393,572.21,168.61
ST-3392,94.9,10.99
ST-3391,689.87,644.39
ST-3390,217.43,169.62
ST-339,838.7,175.06
ST-3389,784.31,248.22
ST-3388,1181.82,306.41
ST-3386,448.72,58.89
ST-3385,976.35,50.65
ST-3384,479.07,105.9
ST-3383,478.4,388.56
ST-3382,242.14,25.48
ST-3381,117.93,59.05
ST-3380,161.89,45.63
ST-338,307.68,49.23
ST-3379,412.41,11.51
ST-3378,107.79,118.01
ST-3377,334.29,277.21
ST-3376,878.91,156.95
ST-3375,822.93,92.76
ST-3374,628.58,72.59
ST-3373,1174.11,57.26
ST-3372,174.98,268.55
ST-3371,313.88,146.69
ST-3370,534.37,39.36
ST-337,708.11,61.95
ST-3369,406.21,88.13
ST-3368,158.85,77.99
ST-3367,726.96,60.83
ST-3366,1293.87,258.86
ST-3365,159.82,39.84
ST-3364,988.79,50.48
ST-3363,688.57,280.34
ST-3362,258.81,38.86
ST-3361,273.53,26.87
ST-3360,570.48,29.4
ST-336,43.0,54.76
ST-3359,17.15,68.29
ST-3358,1060.81,56.42
ST-3357,485.71,164.87
ST-3356,442.22,33.52
ST-3355,316.27,170.0
ST-3354,677.44,10.56
ST-3353,948.7,17.42
ST-3352,285.8,310.6
ST-3351,722.61,334.11
ST-3350,218.28,109.12
ST-335,552.9,4.51
ST-3349,1286.58,11.32
ST-3348,223.22,33.34
ST-3347,698.41,18.05
ST-3346,318.48,16.85
ST-3345,300.66,35.94
ST-3344,584.3,82.29
ST-3343,243.53,52.44
ST-3342,316.61,54.52
ST-3341,184.33,153.57
ST-3340,92.84,21.44
ST-334,68.77,141.36
ST-3339,604.63,31.61
ST-3338,669.46,91.4
ST-3337,233.03,165.9
ST-3336,115.41,299.22
ST-3335,769.87,200.3
ST-3334,604.25,10.15
ST-3333,105.12,12.92
ST-3332,312.83,88.4
ST-3331,581.14,67.24
ST-3330,487.59,2.28
ST-333,329.86,71.57
ST-3329,743.81,130.85
ST-3328,805.5,57.26
ST-3327,254.73,57.71
ST-3326,203.82,64.54
ST-3325,24.12,111.77
ST-3324,328.15,160.39
ST-3323,458.47,111.09
ST-3322,348.38,36.35
ST-3321,252.74,109.43
ST-3320,547.42,127.0
ST-332,124.45,23.49
ST-3319,436.86,134.94
ST-3318,345.51,175.83
ST-3317,255.27,79.26
ST-3316,164.53,46.52
ST-3315,286.68,120.97
ST-3314,329.39,51.82
ST-3313,394.63,207.85
ST-3312,921.86,197.83
ST-3311,132.23,47.32
ST-3310,151.02,97.79
ST-331,414.56,63.7
ST-3309,684.67,25.17
ST-3308,386.51,40.47
ST-3307,730.77,52.67
ST-3306,189.74,68.14
ST-3305,248.75,85.59
ST-3304,90.18,103.41
ST-3303,489.79,10.28
ST-3302,427.96,84.46
ST-3301,249.39,64.61
ST-3300,661.03,403.4
ST-330,173.42,53.65
ST-33,132.79,32.84
ST-3299,373.15,106.06
ST-3298,839.11,117.0
ST-3297,16.35,10.62
ST-3296,930.67,63.72
ST-3295,740.36,151.55
ST-3294,1045.65,109.12
ST-3293,1467.67,126.13
ST-3292,829.41,142.85
ST-3291,351.83,45.87
ST-3290,98.01,50.57
ST-329,146.54,16.68
ST-3289,174.83,121.43
ST-3288,42.11,43.96
ST-3287,111.5,82.91
ST-3286,226.09,68.7
ST-3285,1099.29,69.19
ST-3284,1379.65,20.65
ST-3283,640.75,37.75
ST-3282,519.75,70.35
ST-3281,343.25,50.34
ST-3280,733.9,106.01
ST-328,60.28,149.81
ST-3279,342.61,71.84
ST-3278,509.57,55.83
ST-3277,960.01,564.18
ST-3276,274.04,39.71
ST-3275,428.72,445.48
ST-3274,480.65,86.45
ST-3273,776.83,30.3
ST-3272,234.0,120.06
ST-3271,373.66,233.55
ST-3270,925.2,77.59
ST-327,491.96,111.28
ST-3269,521.51,80.01
ST-3268,36.13,35.86
ST-3267,33.24,55.44
ST-3266,525.91,62.29
ST-3265,606.99,108.84
ST-3264,1360.64,11.95
ST-3263,765.75,80.09
ST-3262,672.2,42.96
ST-3261,270.69,223.87
ST-3260,592.9,148.54
ST-326,376.08,31.88
ST-3259,457.91,204.01
ST-3258,231.36,31.75
ST-3257,2575.87,160.1
ST-3256,118.97,68.08
ST-3255,309.38,38.13
ST-3254,693.96,16.56
ST-3253,55.83,113.28
ST-3252,828.37,30.69
ST-3251,567.33,182.25
ST-3250,971.68,26.45
ST-325,267.15,237.28
ST-3249,239.34,57.56
ST-3248,483.15,127.54
ST-3247,1004.67,69.48
ST-3246,809.16,74.6
ST-3245,564.81,45.67
ST-3244,599.58,124.12
ST-3243,661.27,149.91
ST-3242,100.49,16.92
ST-3241,334.72,41.49
ST-3240,531.33,36.74
ST-324,174.34,29.91
ST-3239,277.09,150.72
ST-3238,401.24,77.56
ST-3237,655.74,71.51
ST-3236,754.42,87.32
ST-3235,359.05,129.77
ST-3234,386.42,18.42
ST-3233,975.8,181.4
ST-3232,490.92,93.89
ST-3231,634.99,33.55
ST-3230,309.36,42.5
ST-323,219.24,182.42
ST-3229,713.12,76.1
ST-3228,61.52,45.1
ST-3227,501.26,393.62
ST-3226,350.26,29.71
ST-3225,628.09,217.31
ST-3224,1389.92,42.12
ST-3223,35.94,43.01
ST-3222,677.9,122.38
ST-3221,614.58,206.89
ST-3220,866.7,40.25
ST-322,914.05,21.41
ST-3219,872.7,119.77
ST-3218,441.2,69.19
ST-3217,1144.62,57.27
ST-3216,1655.95,10.74
ST-3215,951.95,222.25
ST-3214,417.19,114.94
ST-3213,294.1,183.26
ST-3212,252.83,117.1
ST-3211,305.68,66.06
ST-3210,376.4,113.25
ST-321,1311.06,45.92
ST-3209,658.44,27.85
ST-3208,477.49,277.46
ST-3207,295.95,34.45
ST-3206,208.28,215.58
ST-3205,124.82,59.01
ST-3204,200.8,210.48
ST-3203,512.84,93.63
ST-3202,438.69,19.43
ST-3201,1099.42,360.16
ST-3200,676.1,39.97
ST-320,1320.95,37.64
ST-32,59.18,46.55
ST-3199,440.45,38.4
ST-3198,234.38,163.32
ST-3197,1303.26,54.77
ST-3196,332.44,105.95
ST-3195,396.62,89.58
ST-3194,723.92,8.35
ST-3193,223.64,199.1
ST-3192,806.41,41.1
ST-3191,1050.28,60.59
ST-3190,897.73,33.26
ST-319,1334.57,52.95
ST-3189,107.79,64.81
ST-3188,233.94,87.24
ST-3187,121.88,36.87
ST-3186,136.12,63.11
ST-3185,117.55,96.24
ST-3184,267.39,81.05
ST-3183,376.8,203.83
ST-3182,564.04,61.79
ST-3181,904.25,67.2
ST-3180,888.36,55.46
ST-318,514.72,480.16
ST-3179,644.02,26.94
ST-3178,107.18,158.13
ST-3177,515.72,69.03
ST-3176,496.57,41.08
ST-3175,308.27,74.05
ST-3174,421.98,170.14
ST-3173,373.97,152.99
ST-3172,191.44,55.18
ST-3171,430.08,75.28
ST-3170,195.17,32.5
ST-317,1385.62,39.67
ST-3169,1134.13,35.22
ST-3168,458.43,277.83
ST-3167,369.21,69.63
ST-3166,487.32,25.33
ST-3165,282.15,159.54
ST-3164,384.83,50.25
ST-3163,101.39,31.82
ST-3162,410.94,41.81
ST-3161,303.61,104.96
ST-3160,287.06,42.3
ST-316,1376.55,101.22
ST-3159,203.21,68.7
ST-3158,404.44,155.51
ST-3157,736.12,276.31
ST-3156,667.47,293.21
ST-3155,478.98,128.56
ST-3154,695.21,159.79
ST-3153,341.24,263.84
ST-3152,1095.55,49.99
ST-3151,209.51,158.48
ST-3150,364.77,68.6
ST-315,767.31,35.4
ST-3149,429.93,183.24
ST-3148,316.84,104.52
ST-3147,716.29,19.39
ST-3146,840.69,34.81
ST-3145,524.03,16.22
ST-3144,757.74,36.84
ST-3143,22.35,72.5
ST-3142,137.7,4.88
ST-3141,159.13,37.84
ST-3140,209.17,82.88
ST-314,573.35,8.93
ST-3139,1370.36,33.56
ST-3138,206.24,202.92
ST-3137,354.48,55.55
ST-3136,311.68,122.2
ST-3135,310.88,78.58
ST-3134,71.16,15.66
ST-3133,528.65,201.04
ST-3132,70.48,10.85
ST-3131,568.36,114.18
ST-3130,436.17,164.75
ST-313,225.21,21.1
ST-3129,427.74,102.14
ST-3128,624.89,109.45
ST-3127,954.76,12.16
ST-3126,652.58,66.77
ST-3125,42.1,186.91
ST-3124,498.42,240.12
ST-3123,589.15,22.74
ST-3122,434.43,22.75
ST-3121,253.56,43.65
ST-3120,319.74,281.39
ST-312,311.99,78.13
ST-3119,705.36,129.86
ST-3118,336.26,77.58
ST-3117,36.75,18.18
ST-3116,292.77,47.86
ST-3115,369.42,3.83
ST-3114,1538.04,142.04
ST-3113,1304.95,90.62
ST-3112,433.6,87.71
ST-3111,278.23,118.18
ST-3110,622.12,95.51
ST-311,96.5,6.27
ST-3109,759.72,59.25
ST-3108,385.89,43.63
ST-3107,91.09,46.31
ST-3106,343.7,70.81
ST-3105,14.93,81.8
ST-3104,66.62,94.47
ST-3103,520.36,151.54
ST-3102,427.32,82.28
ST-3101,1064.01,120.49
ST-3100,475.25,43.7
ST-310,793.49,169.08
ST-31,57.45,52.45
ST-3099,275.88,37.08
ST-3098,495.83,382.53
ST-3097,888.84,165.21
ST-3096,661.22,133.5
ST-3095,191.8,47.29
ST-3094,138.62,95.0
ST-3093,375.96,123.33
ST-3092,657.21,70.23
ST-3091,541.51,38.44
ST-3090,444.17,122.23
ST-309,753.05,52.45
ST-3089,389.25,65.54
ST-3088,500.69,231.8
ST-3087,50.79,80.35
ST-3086,434.67,118.46
ST-3085,19.74,51.22
ST-3084,194.96,52.55
ST-3083,464.98,123.25
ST-3082,343.77,154.46
ST-3081,497.75,118.68
ST-3080,314.47,47.35
ST-308,189.72,100.25
ST-3079,328.17,22.39
ST-3078,272.37,66.35
ST-3077,294.44,38.15
ST-3076,762.18,11.6
ST-3075,188.52,12.84
ST-3074,528.97,110.22
ST-3073,324.43,95.66
ST-3072,369.5,25.26
ST-3071,1174.45,60.27
ST-3070,686.94,247.05
ST-307,36.67,13.43
ST-3069,680.8,73.78
ST-3068,437.6,21.38
ST-3067,1057.36,32.28
ST-3066,330.4,155.29
ST-3065,480.7,73.94
ST-3064,225.53,33.61
ST-3063,412.44,150.24
ST-3062,671.52,107.43
ST-3061,138.31,112.78
ST-3060,387.03,109.03
ST-306,48.37,107.64
ST-3059,78.0,60.1
ST-3058,262.78,99.71
ST-3057,257.97,58.29
ST-3056,60.21,68.43
ST-3055,261.45,116.78
ST-3054,755.42,16.68
ST-3053,41.95,28.03
ST-3052,270.83,231.27
ST-3051,55.74,47.95
ST-3050,469.74,84.74
ST-305,360.0,29.91
ST-3049,20.15,71.92
ST-3048,1785.02,71.97
ST-3047,494.1,16.55
ST-3046,730.36,13.58
ST-3045,401.81,54.48
ST-3044,857.56,30.09
ST-3043,694.15,40.87
ST-3042,476.57,28.05
ST-3041,684.13,22.76
ST-3040,765.69,64.8
ST-304,725.15,82.62
ST-3039,789.69,322.89
ST-3038,431.86,340.89
ST-3037,418.68,20.21
ST-3036,676.6,22.92
ST-3035,287.62,8.11
ST-3034,321.88,110.22
ST-3033,1455.29,69.97
ST-3032,583.32,135.07
ST-3031,1388.58,36.33
ST-3030,25.46,44.81
ST-303,916.57,34.21
ST-3029,632.28,55.25
ST-3028,973.85,136.03
ST-3027,210.21,18.85
ST-3026,690.04,24.67
ST-3025,604.68,90.83
ST-3024,329.6,46.44
ST-3023,72.57,36.97
ST-3022,182.89,64.56
ST-3021,317.58,20.51
ST-3020,276.27,128.35
ST-302,708.66,61.81
ST-3019,158.99,18.51
ST-3018,227.21,71.6
ST-3017,532.57,22.76
ST-3016,573.27,30.38
ST-3015,421.12,39.96
ST-3014,348.15,49.24
ST-3013,232.94,22.66
ST-3012,541.84,173.57
ST-3011,426.37,154.61
ST-3010,409.3,63.95
ST-301,73.04,88.95
ST-3009,478.88,327.56
ST-3008,429.85,5.0
ST-3007,598.5,32.07
ST-3006,743.29,12.65
ST-3005,525.94,50.82
ST-3004,1048.62,17.55
ST-3003,359.9,9.37
ST-3002,423.62,48.62
ST-3001,445.26,117.64
ST-3000,421.05,45.6
ST-300,42.99,55.57
ST-30,65.74,41.0
ST-3,673.79,137.36
ST-2999,469.1,40.72
ST-2998,720.64,162.12
ST-2997,315.09,91.07
ST-2996,521.6,27.31
ST-2995,378.87,128.69
ST-2994,233.1,76.18
ST-2993,217.96,29.72
ST-2992,238.63,67.15
ST-2991,657.33,415.26
ST-2990,1518.89,25.04
ST-299,184.85,11.22
ST-2989,690.77,12.07
ST-2988,746.04,14.36
ST-2987,745.57,52.72
ST-2986,514.01,197.79
ST-2985,283.2,229.15
ST-2984,563.73,217.69
ST-2983,496.45,355.83
ST-2982,681.27,117.11
ST-2981,52.04,37.26
ST-2980,585.28,105.9
ST-298,180.01,80.23
ST-2979,723.4,9.46
ST-2978,580.7,134.56
ST-2977,1206.75,43.53
ST-2976,514.64,55.57
ST-2975,266.18,43.38
ST-2974,534.2,75.63
ST-2973,657.51,66.94
ST-2972,685.3,40.68
ST-2971,1348.31,105.64
ST-2970,725.37,61.06
ST-297,379.69,19.24
ST-2969,716.34,21.73
ST-2968,397.26,42.43
ST-2967,448.98,10.91
ST-2966,653.52,102.47
ST-2965,707.18,14.69
ST-2964,518.18,240.83
ST-2963,167.75,128.92
ST-2962,154.59,101.8
ST-2961,712.26,252.97
ST-2960,515.48,9.5
ST-296,648.73,50.54
ST-2959,349.67,68.6
ST-2958,446.98,99.36
ST-2957,571.88,76.94
ST-2956,792.97,65.11
ST-2955,906.55,108.43
ST-2954,583.52,7.99
ST-2953,730.31,85.32
ST-2952,713.1,105.19
ST-2951,747.47,147.22
ST-2950,799.92,82.88
ST-295,50.58,65.75
ST-2949,561.78,59.56
ST-2948,416.64,41.14
ST-2947,264.11,171.5
ST-2946,491.35,52.44
ST-2945,421.36,138.9
ST-2944,742.51,94.17
ST-2943,146.88,40.94
ST-2942,818.35,194.03
ST-2941,180.83,55.66
ST-2940,145.18,65.26
ST-294,283.8,59.74
ST-2939,871.49,40.64
ST-2938,701.14,54.75
ST-2937,483.31,161.37
ST-2936,456.09,26.88
ST-2935,171.98,37.88
ST-2934,374.76,132.2
ST-2933,174.88,79.51
ST-2932,159.33,102.85
ST-2931,760.33,84.04
ST-2930,89.24,86.5
ST-293,449.45,104.81
ST-2929,64.34,137.94
ST-2928,62.73,8.87
ST-2927,90.56,3.77
ST-2926,146.23,133.02
ST-2925,61.71,36.75
ST-2924,281.3,28.74
ST-2923,426.22,80.41
ST-2922,424.69,22.19
ST-2921,326.09,51.96
ST-2920,337.34,201.51
ST-292,454.48,21.44
ST-2919,415.03,45.48
ST-2918,399.51,67.84
ST-2917,1220.58,110.92
ST-2916,469.67,219.31
ST-2915,21.79,80.46
ST-2914,323.58,128.51
ST-2913,1196.29,97.22
ST-2912,1411.51,12.1
ST-2911,1283.86,104.47
ST-2910,1119.51,74.98
ST-291,556.86,22.2
ST-2909,83.81,89.73
ST-2908,54.48,69.37
ST-2907,1503.29,195.93
ST-2906,763.51,143.89
ST-2905,1049.56,181.94
ST-2904,547.63,23.08
ST-2903,430.81,4.61
ST-2902,447.64,110.23
ST-2901,603.23,12.44
ST-2900,422.42,103.67
ST-290,776.18,48.25
ST-29,178.82,27.98
ST-2899,310.54,13.67
ST-2898,770.42,29.55
ST-2897,745.9,68.37
ST-2896,51.84,85.25
ST-2895,521.29,75.87
ST-2894,537.52,59.56
ST-2893,1797.56,17.37
ST-2892,835.07,115.22
ST-2891,926.39,348.68
ST-2890,809.3,6.6
ST-289,114.83,74.66
ST-2889,334.1,162.7
ST-2888,349.2,65.59
ST-2887,701.74,72.49
ST-2886,200.7,43.13
ST-2885,179.87,50.12
ST-2884,188.61,81.63
ST-2883,189.35,199.89
ST-2882,122.62,12.5
ST-2881,313.76,85.05
ST-2880,903.57,89.57
ST-288,389.55,40.85
ST-2879,364.75,25.42
ST-2878,18.4,79.98
ST-2877,430.74,107.11
ST-2876,36.84,98.48
ST-2875,553.54,165.28
ST-2874,762.93,49.81
ST-2873,628.83,46.99
ST-2872,105.28,39.79
ST-2871,105.55,52.69
ST-2870,650.41,54.55
ST-287,463.21,115.12
ST-2869,365.59,22.15
ST-2868,1531.37,172.11
ST-2867,46.08,54.96
ST-2866,830.88,15.04
ST-2865,819.29,61.05
ST-2863,341.12,108.17
ST-2862,488.06,52.75
ST-2861,288.03,161.14
ST-2860,80.03,193.26
ST-286,298.55,114.1
ST-2859,256.56,15.0
ST-2858,409.06,86.61
ST-2857,70.2,54.17
ST-2856,70.1,62.39
ST-2855,295.56,25.96
ST-2854,551.09,16.19
ST-2853,1381.45,5.66
ST-2852,472.3,108.97
ST-2851,578.45,8.23
ST-2850,529.62,484.02
ST-285,197.75,31.81
ST-2849,1263.66,16.37
ST-2848,1366.43,6.26
ST-2847,800.57,34.98
ST-2846,512.53,92.12
ST-2845,333.0,41.81
ST-2844,861.3,38.1
ST-2843,605.86,39.69
ST-2842,475.46,45.17
ST-2841,1209.81,58.98
ST-2840,632.35,49.32
ST-284,498.61,69.43
ST-2839,966.23,345.37
ST-2838,2401.72,54.51
ST-2837,157.06,4.16
ST-2836,294.85,31.72
ST-2835,767.59,18.98
ST-2834,439.17,114.56
ST-2833,525.76,135.61
ST-2832,363.9,162.54
ST-2831,556.33,179.55
ST-2830,449.59,30.44
ST-283,363.61,68.69
ST-2829,968.56,43.26
ST-2828,913.24,15.69
ST-2827,273.79,15.21
ST-2826,596.35,72.93
ST-2825,450.97,51.78
ST-2824,608.8,11.74
ST-2823,492.55,37.57
ST-2822,86.02,125.74
ST-2821,402.54,32.64
ST-2820,442.92,32.29
ST-282,536.46,13.53
ST-2819,632.65,9.0
ST-2818,263.96,163.09
ST-2817,620.96,4.5
ST-2816,705.49,57.82
ST-2815,450.3,26.42
ST-2814,776.54,79.14
ST-2813,476.24,32.02
ST-2812,20.73,49.02
ST-2811,427.37,45.29
ST-2810,110.02,83.06
ST-281,149.48,47.04
ST-2809,678.9,62.65
ST-2808,365.77,33.52
ST-2807,278.02,137.4
ST-2806,477.36,117.5
ST-2805,190.95,10.13
ST-2804,532.87,9.24
ST-2803,120.92,22.83
ST-2802,630.95,25.39
ST-2801,312.14,34.56
ST-2800,302.57,75.56
ST-280,285.52,16.89
ST-28,332.52,12.77
ST-2799,423.72,82.59
ST-2798,553.65,54.97
ST-2797,134.63,65.68
ST-2796,298.41,106.66
ST-2795,510.5,95.19
ST-2794,1052.32,110.93
ST-2793,134.02,79.93
ST-2792,190.97,132.43
ST-2791,420.3,204.19
ST-2790,595.93,99.61
ST-279,266.26,153.39
ST-2789,426.18,49.78
ST-2788,991.82,26.96
ST-2787,370.35,58.53
ST-2786,192.46,65.55
ST-2785,383.07,134.67
ST-2784,143.97,42.29
ST-2783,338.43,87.87
ST-2782,212.98,44.68
ST-2781,1186.77,65.79
ST-2780,1266.3,145.38
ST-278,99.66,34.74
ST-2779,183.07,106.93
ST-2778,297.42,66.5
ST-2777,409.09,53.52
ST-2776,97.81,13.84
ST-2775,615.62,79.76
ST-2774,786.42,28.46
ST-2773,804.46,90.83
ST-2772,1620.84,123.79
ST-2771,1030.28,22.34
ST-2770,1060.88,137.16
ST-277,468.52,90.1
ST-2769,1496.4,27.71
ST-2768,721.64,102.94
ST-2767,1239.12,38.97
ST-2766,1153.94,89.07
ST-2765,490.19,102.5
ST-2764,500.54,76.11
ST-2763,412.53,56.76
ST-2762,195.0,69.75
ST-2761,432.24,31.83
ST-2760,415.85,8.07
ST-276,937.58,28.72
ST-2759,224.19,35.75
ST-2758,858.99,28.18
ST-2757,529.47,30.42
ST-2756,696.13,198.27
ST-2755,221.48,44.69
ST-2754,547.73,183.45
ST-2753,389.83,32.88
ST-2752,1326.06,57.17
ST-2751,202.63,39.07
ST-2750,435.61,129.81
ST-275,572.0,39.98
ST-2749,114.57,68.66
ST-2748,69.28,78.86
ST-2747,605.38,30.05
ST-2746,1582.23,478.03
ST-2745,1593.93,52.53
ST-2744,1507.91,10.86
ST-2743,1539.31,48.49
ST-2742,161.96,41.29
ST-2741,249.02,13.96
ST-2740,591.71,83.59
ST-274,191.97,239.68
ST-2739,685.92,47.59
ST-2738,195.91,76.47
ST-2737,652.38,98.18
ST-2736,214.51,31.58
ST-2735,480.29,42.21
ST-2734,386.01,82.85
ST-2733,327.72,16.19
ST-2732,318.51,31.12
ST-2731,1042.33,52.59
ST-2730,1062.91,72.45
ST-273,345.84,92.12
ST-2729,1026.85,92.33
ST-2728,564.93,515.53
ST-2727,1455.38,47.41
ST-2726,192.22,66.86
ST-2725,1037.37,113.91
ST-2724,569.91,63.12
ST-2723,305.81,291.1
ST-2722,293.68,23.12
ST-2721,711.71,82.52
ST-2720,216.05,53.33
ST-272,93.5,69.93
ST-2719,1085.29,26.92
ST-2718,648.64,342.82
ST-2717,771.41,66.18
ST-2716,674.86,83.74
ST-2715,243.09,99.05
ST-2714,741.23,76.0
ST-2713,133.12,64.58
ST-2712,1612.26,45.08
ST-2711,1110.91,69.69
ST-2710,313.73,1.69
ST-271,533.36,31.68
ST-2709,328.92,56.94
ST-2708,616.77,80.86
ST-2707,20.06,84.24
ST-2706,586.36,104.29
ST-2705,478.63,53.5
ST-2704,592.73,18.46
ST-2703,341.94,80.09
ST-2702,154.55,24.96
ST-2701,208.75,166.43
ST-2700,260.84,45.54
ST-270,605.11,129.76
ST-27,334.83,28.48
ST-2699,296.97,49.26
ST-2698,543.6,15.16
ST-2697,726.62,127.78
ST-2696,372.07,127.08
ST-2695,105.23,36.78
ST-2694,512.2,252.33
ST-2693,209.11,118.59
ST-2692,104.15,17.57
ST-2691,1150.15,77.99
ST-2690,659.35,60.56
ST-269,321.26,47.26
ST-2689,471.26,136.62
ST-2688,385.67,328.28
ST-2687,952.03,479.59
ST-2686,136.08,131.39
ST-2685,669.8,222.66
ST-2684,645.9,113.29
ST-2683,707.68,79.38
ST-2682,155.34,43.65
ST-2681,1491.84,103.01
ST-2680,316.72,148.39
ST-268,625.19,196.26
ST-2679,87.37,201.01
ST-2678,483.94,55.11
ST-2677,2144.44,44.61
ST-2676,1726.49,66.27
ST-2675,1707.77,55.75
ST-2674,381.5,31.51
ST-2673,587.97,37.3
ST-2672,55.05,142.31
ST-2671,51.74,191.39
ST-2670,98.01,99.01
ST-267,106.32,10.91
ST-2669,28.75,49.37
ST-2668,355.58,19.62
ST-2667,83.84,36.99
ST-2666,433.77,132.34
ST-2665,1327.09,61.14
ST-2664,404.3,39.54
ST-2663,130.62,42.26
ST-2662,1357.87,30.88
ST-2661,1204.37,53.45
ST-2660,255.92,240.16
ST-266,1244.01,53.67
ST-2659,226.77,107.89
ST-2658,249.71,106.98
ST-2657,502.99,134.77
ST-2656,801.08,106.63
ST-2655,192.6,53.21
ST-2654,140.76,25.82
ST-2653,188.1,146.45
ST-2652,561.78,51.32
ST-2651,519.4,123.28
ST-2650,345.0,37.08
ST-265,150.99,73.34
ST-2649,217.18,7.09
ST-2648,251.63,230.04
ST-2647,449.9,223.43
ST-2646,271.56,72.48
ST-2645,514.26,337.36
ST-2644,453.98,374.61
ST-2643,600.37,398.21
ST-2642,53.52,10.57
ST-2641,829.0,41.11
ST-2640,651.76,142.06
ST-264,432.54,139.61
ST-2639,595.57,69.5
ST-2638,202.77,29.77
ST-2637,211.37,89.11
ST-2636,424.9,73.72
ST-2635,288.18,72.21
ST-2634,505.37,115.16
ST-2633,618.76,46.04
ST-2632,784.57,28.58
ST-2631,217.24,155.36
ST-2630,82.66,91.35
ST-263,1167.41,11.61
ST-2629,457.65,95.72
ST-2628,300.45,132.32
ST-2627,533.77,152.86
ST-2626,106.92,96.07
ST-2625,394.07,127.82
ST-2624,97.44,74.74
ST-2623,305.73,109.45
ST-2622,2525.42,33.76
ST-2621,432.98,18.62
ST-2620,800.27,222.83
ST-262,1332.86,85.95
ST-2619,900.47,6.86
ST-2618,514.27,75.45
ST-2617,420.68,27.04
ST-2616,1033.21,40.14
ST-2615,714.84,32.1
ST-2614,748.79,46.26
ST-2613,373.56,146.75
ST-2612,353.89,56.09
ST-2611,36.78,89.48
ST-2610,1409.92,41.47
ST-261,222.54,90.07
ST-2609,321.2,480.01
ST-2608,368.02,89.71
ST-2607,451.41,252.46
ST-2606,40.05,136.23
ST-2605,405.73,297.86
ST-2604,978.87,166.27
ST-2603,652.18,52.0
ST-2602,578.64,166.25
ST-2601,403.97,94.99
ST-2600,681.97,34.48
ST-260,820.32,84.17
ST-26,139.7,81.55
ST-2599,106.15,50.37
ST-2598,528.81,123.24
ST-2597,294.24,55.99
ST-2596,176.67,149.44
ST-2595,105.84,176.41
ST-2594,17.08,291.29
ST-2593,509.22,464.78
ST-2592,880.73,171.43
ST-2591,36.87,141.13
ST-2590,771.99,55.14
ST-259,52.06,39.2
ST-2589,370.02,82.28
ST-2588,407.97,120.67
ST-2587,527.76,124.46
ST-2586,369.15,23.18
ST-2585,675.88,115.6
ST-2584,129.74,31.96
ST-2583,563.7,163.01
ST-2582,896.42,11.82
ST-2581,420.61,38.91
ST-2580,834.79,166.11
ST-258,747.19,74.72
ST-2579,94.9,53.49
ST-2578,531.66,19.77
ST-2577,498.61,21.17
ST-2576,420.97,225.79
ST-2575,367.34,85.54
ST-2574,651.66,74.91
ST-2573,971.75,234.87
ST-2572,1361.42,55.04
ST-2571,342.46,72.05
ST-2570,819.64,131.05
ST-257,515.61,53.19
ST-2569,183.29,68.65
ST-2568,1632.48,88.14
ST-2567,1654.61,156.64
ST-2566,354.1,125.5
ST-2565,345.86,20.09
ST-2564,441.15,183.48
ST-2563,511.33,184.92
ST-2562,1546.76,132.61
ST-2561,1187.17,91.78
ST-2560,1126.7,90.31
ST-256,510.94,188.5
ST-2559,632.08,151.35
ST-2558,237.52,72.17
ST-2557,743.3,128.42
ST-2556,1353.44,98.19
ST-2555,142.96,101.48
ST-2554,98.1,74.98
ST-2553,578.82,282.8
ST-2552,534.4,156.37
ST-2551,383.85,66.15
ST-2550,110.58,47.64
ST-255,99.23,41.91
ST-2549,787.27,162.76
ST-2548,505.72,307.73
ST-2547,292.03,39.92
ST-2546,1018.27,291.79
ST-2545,455.08,5.34
ST-2544,839.48,59.81
ST-2543,570.23,41.61
ST-2542,190.95,59.72
ST-2541,40.74,101.25
ST-2540,250.79,41.31
ST-254,93.01,34.31
ST-2539,449.31,144.9
ST-2538,81.59,55.83
ST-2537,619.68,26.26
ST-2536,430.62,62.17
ST-2535,1271.15,93.67
ST-2534,284.19,72.39
ST-2533,340.64,23.48
ST-2532,339.6,28.31
ST-2531,432.73,42.23
ST-2530,32.94,92.73
ST-253,114.1,35.95
ST-2529,164.23,20.19
ST-2528,191.48,63.0
ST-2527,106.67,93.68
ST-2526,348.13,119.54
ST-2525,207.35,176.92
ST-2524,60.4,114.7
ST-2523,398.96,27.45
ST-2522,339.87,94.63
ST-2521,162.52,83.0
ST-2520,74.97,59.87
ST-252,556.16,127.06
ST-2519,282.87,183.92
ST-2518,146.2,61.19
ST-2517,102.05,71.9
ST-2516,185.51,156.45
ST-2515,229.77,42.18
ST-2514,260.25,159.86
ST-2513,206.51,83.61
ST-2512,313.99,28.58
ST-2511,291.26,8.8
ST-2510,637.28,124.67
ST-251,341.12,108.17
ST-2509,1471.35,43.4
ST-2508,645.02,81.16
ST-2507,497.39,111.45
ST-2506,598.81,70.62
ST-2505,307.15,231.04
ST-2504,366.93,38.71
ST-2503,336.74,100.58
ST-2502,442.5,53.27
ST-2501,470.19,104.16
ST-2500,1355.57,61.6
ST-250,169.62,102.21
ST-25,667.36,23.07
ST-2499,608.02,53.25
ST-2498,211.09,64.9
ST-2497,451.3,86.27
ST-2496,397.85,185.19
ST-2495,309.64,272.73
ST-2494,852.58,148.14
ST-2493,946.38,101.22
ST-2492,656.46,390.58
ST-2491,873.1,28.52
ST-2490,736.17,25.37
ST-249,314.7,21.71
ST-2489,450.46,57.95
ST-2488,808.28,462.22
ST-2487,454.77,142.86
ST-2486,323.93,95.56
ST-2485,343.95,28.71
ST-2484,546.86,53.78
ST-2483,339.7,46.41
ST-2482,190.65,33.3
ST-2481,568.92,52.81
ST-2480,573.18,38.1
ST-248,23.44,40.05
ST-2479,257.99,49.56
ST-2478,383.29,43.11
ST-2477,292.47,145.92
ST-2476,364.77,61.05
ST-2475,425.81,39.07
ST-2474,824.03,579.52
ST-2473,630.96,71.44
ST-2472,224.45,33.73
ST-2471,247.68,36.92
ST-2470,123.96,2.8
ST-247,456.12,1.69
ST-2469,251.91,105.45
ST-2468,270.71,155.3
ST-2467,517.16,232.03
ST-2466,241.81,63.83
ST-2465,655.52,78.5
ST-2464,282.57,91.42
ST-2463,146.11,74.3
ST-2462,1413.86,23.8
ST-2461,463.84,54.45
ST-2460,1115.83,92.09
ST-246,792.19,40.35
ST-2459,508.79,31.01
ST-2458,455.27,33.44
ST-2457,574.9,47.48
ST-2456,489.36,105.04
ST-2455,119.01,83.25
ST-2454,346.9,53.2
ST-2453,167.2,33.47
ST-2452,691.95,33.82
ST-2451,27.89,37.22
ST-2450,781.63,130.55
ST-245,461.11,13.0
ST-2449,988.82,92.02
ST-2448,871.03,14.66
ST-2447,294.83,25.96
ST-2446,531.79,6.58
ST-2445,455.78,147.87
ST-2444,249.13,53.95
ST-2443,269.53,24.88
ST-2442,525.55,15.72
ST-2441,153.38,172.27
ST-2440,276.25,102.73
ST-244,496.41,12.97
ST-2439,467.48,21.4
ST-2438,744.13,29.88
ST-2437,739.38,99.09
ST-2436,688.73,15.97
ST-2435,941.85,285.52
ST-2434,418.44,85.45
ST-2433,376.63,59.83
ST-2432,389.18,72.34
ST-2431,290.75,55.62
ST-2430,121.74,146.7
ST-243,85.43,151.88
ST-2429,424.13,80.67
ST-2428,553.65,135.16
ST-2427,626.34,23.28
ST-2426,1075.07,4330.91
ST-2425,709.46,114.97
ST-2424,896.95,101.68
ST-2423,2829.78,30.0
ST-2422,417.63,85.55
ST-2421,24.63,203.58
ST-2420,130.44,79.98
ST-242,505.17,51.76
ST-2419,981.4,36.85
ST-2418,182.0,47.12
ST-2417,397.51,216.8
ST-2416,1754.85,32.2
ST-2415,446.4,295.86
ST-2414,518.3,136.66
ST-2413,106.06,64.65
ST-2412,870.99,184.87
ST-2411,448.89,21.35
ST-2410,788.39,45.28
ST-241,424.63,39.99
ST-2409,363.89,36.39
ST-2408,493.67,128.61
ST-2407,818.95,65.53
ST-2406,751.7,86.61
ST-2405,380.15,66.35
ST-2404,697.8,74.37
ST-2403,538.31,87.08
ST-2402,188.61,121.22
ST-2401,1117.63,125.26
ST-2400,456.83,180.13
ST-240,492.09,51.98
ST-24,328.09,61.19
ST-2399,469.98,171.55
ST-2398,664.48,24.54
ST-2397,596.82,6.84
ST-2396,410.92,34.94
ST-2395,556.45,51.83
ST-2394,102.91,43.44
ST-2393,655.06,192.07
ST-2392,451.68,51.01
ST-2391,569.18,48.12
ST-2390,1110.28,33.24
ST-239,358.64,7.31
ST-2389,105.24,50.5
ST-2388,148.87,6.48
ST-2387,435.5,57.51
ST-2386,203.89,70.24
ST-2385,369.95,63.02
ST-2384,160.86,90.38
ST-2383,487.1,79.11
ST-2382,420.31,42.48
ST-2381,468.39,37.63
ST-2380,274.5,168.93
ST-238,83.28,24.08
ST-2379,426.87,63.4
ST-2378,291.02,38.98
ST-2377,744.56,40.41
ST-2376,624.55,49.3
ST-2375,268.6,9.78
ST-2374,283.22,154.75
ST-2373,61.16,9.36
ST-2372,151.79,36.35
ST-2371,695.1,32.53
ST-2370,417.7,8.64
ST-237,181.2,82.93
ST-2369,296.01,115.93
ST-2368,582.52,19.02
ST-2367,233.11,71.95
ST-2366,592.76,28.03
ST-2365,634.12,44.15
ST-2364,105.06,33.27
ST-2363,361.75,67.24
ST-2362,239.19,47.04
ST-2361,329.05,112.65
ST-2360,641.66,25.23
ST-236,101.49,98.48
ST-2359,392.56,34.48
ST-2358,292.04,64.13
ST-2357,234.08,44.52
ST-2356,522.38,24.23
ST-2355,67.41,76.92
ST-2354,278.46,170.64
ST-2353,132.43,79.39
ST-2352,573.61,40.09
ST-2351,293.89,82.38
ST-2350,134.39,14.11
ST-235,297.17,56.47
ST-2349,219.69,71.42
ST-2348,313.71,45.44
ST-2347,351.35,103.8
ST-2346,497.57,95.5
ST-2345,623.14,138.56
ST-2344,211.55,78.4
ST-2343,253.1,72.46
ST-2342,472.46,75.6
ST-2341,168.82,18.94
ST-2340,315.54,36.05
ST-234,368.15,137.24
ST-2339,423.38,46.91
ST-2338,179.68,33.67
ST-2337,274.06,21.05
ST-2336,31.08,93.81
ST-2335,18.32,41.3
ST-2334,251.41,18.2
ST-2333,533.54,255.08
ST-2332,565.16,65.33
ST-2331,753.03,8.1
ST-2330,36.48,99.75
ST-233,48.81,11.86
ST-2329,10.49,23.81
ST-2328,50.4,87.23
ST-2327,147.42,29.38
ST-2326,82.18,107.26
ST-2325,203.86,49.65
ST-2324,60.22,43.43
ST-2323,221.51,73.47
ST-2322,230.86,70.96
ST-2321,455.46,65.79
ST-2320,85.87,98.8
ST-232,35.67,39.48
ST-2319,287.23,65.67
ST-2318,637.02,79.76
ST-2317,507.06,52.57
ST-2316,809.9,74.61
ST-2315,457.44,48.05
ST-2314,299.97,41.86
ST-2313,717.86,70.26
ST-2312,411.23,83.42
ST-2311,343.0,28.05
ST-2310,553.77,43.34
ST-231,1666.86,39.21
ST-2309,349.87,60.57
ST-2308,185.22,145.82
ST-2307,209.27,18.3
ST-2306,271.27,270.33
ST-2305,778.05,43.53
ST-2304,209.01,22.37
ST-2303,506.35,183.11
ST-2302,388.97,138.22
ST-2301,740.34,58.97
ST-2300,564.36,34.06
ST-230,118.82,57.32
ST-23,276.91,47.58
ST-2299,139.32,46.82
ST-2298,680.55,145.47
ST-2297,657.62,30.63
ST-2296,417.6,88.17
ST-2295,216.66,38.87
ST-2294,102.93,118.37
ST-2293,170.84,138.96
ST-2292,398.12,13.26
ST-2291,300.97,114.24
ST-2290,97.47,50.87
ST-229,384.01,52.52
ST-2289,97.73,65.36
ST-2288,107.49,77.04
ST-2287,289.2,23.97
ST-2286,172.85,46.57
ST-2285,61.05,45.89
ST-2284,159.29,126.26
ST-2283,121.85,23.35
ST-2282,149.77,29.18
ST-2281,720.47,84.65
ST-2280,324.89,53.74
ST-228,129.32,6.9
ST-2279,1224.74,31.72
ST-2278,1143.44,185.71
ST-2277,109.4,9.17
ST-2276,373.06,230.78
ST-2275,877.67,92.76
ST-2274,366.71,81.44
ST-2273,302.27,127.71
ST-2272,302.79,138.18
ST-2271,139.02,79.27
ST-2270,348.19,52.88
ST-227,800.68,42.04
ST-2269,286.42,44.66
ST-2268,800.22,29.63
ST-2267,672.03,47.05
ST-2266,366.54,281.91
ST-2265,275.28,92.66
ST-2264,151.85,51.72
ST-2263,831.3,10.64
ST-2262,769.77,79.97
ST-2261,721.75,44.12
ST-2260,2990.22,11.72
ST-226,662.78,153.46
ST-2259,2658.16,0.77
ST-2258,190.45,85.25
ST-2257,129.38,72.91
ST-2256,789.69,56.99
ST-2255,612.62,35.33
ST-2254,453.82,146.33
ST-2253,624.96,23.43
ST-2252,562.55,22.01
ST-2251,746.54,32.59
ST-2250,295.03,51.28
ST-225,460.12,51.63
ST-2249,231.14,76.89
ST-2248,321.06,43.74
ST-2247,671.23,28.87
ST-2246,17.71,94.7
ST-2245,1190.86,27.43
ST-2244,882.01,13.34
ST-2243,833.26,13.68
ST-2242,983.32,17.04
ST-2241,1503.91,120.21
ST-2240,665.84,35.13
ST-224,823.0,40.54
ST-2239,716.7,12.11
ST-2238,592.15,64.29
ST-2237,981.4,32.13
ST-2236,940.29,43.78
ST-2235,460.95,37.18
ST-2234,673.21,63.71
ST-2233,732.11,61.13
ST-2232,704.96,19.99
ST-2231,644.07,85.02
ST-2230,124.26,39.56
ST-223,677.64,29.2
ST-2229,460.08,44.51
ST-2228,55.81,67.94
ST-2227,281.44,86.98
ST-2226,23.02,16.5
ST-2225,27.38,61.11
ST-2224,363.67,19.54
ST-2223,98.27,36.84
ST-2222,98.84,63.29
ST-2221,817.99,131.71
ST-2220,703.73,97.57
ST-222,750.29,57.51
ST-2219,264.58,128.28
ST-2218,251.08,138.92
ST-2217,313.18,42.04
ST-2216,647.6,49.77
ST-2215,715.99,8.1
ST-2214,857.87,44.74
ST-2213,1098.51,39.23
ST-2212,915.05,74.81
ST-2211,1158.59,98.51
ST-2210,1348.37,25.6
ST-221,785.92,257.88
ST-2209,1203.65,13.84
ST-2208,419.05,159.26
ST-2207,491.74,99.53
ST-2206,326.04,30.59
ST-2205,274.24,76.54
ST-2204,884.22,62.11
ST-2203,545.88,76.32
ST-2202,538.25,113.17
ST-2201,48.05,13.7
ST-2200,457.47,48.2
ST-220,1298.52,106.08
ST-22,309.0,122.18
ST-2199,316.45,30.37
ST-2198,131.65,125.22
ST-2197,92.67,104.15
ST-2196,14.81,57.87
ST-2195,600.44,50.21
ST-2194,480.51,61.76
ST-2193,1110.34,155.81
ST-2192,290.49,47.87
ST-2191,70.92,25.99
ST-2190,405.29,97.02
ST-219,809.01,18.34
ST-2189,366.07,38.6
ST-2188,625.59,45.79
ST-2187,209.13,170.66
ST-2186,387.92,48.29
ST-2185,362.36,27.23
ST-2184,294.59,88.08
ST-2183,575.15,27.47
ST-2182,34.32,84.18
ST-2181,331.05,47.92
ST-2180,24.35,118.71
ST-218,31.84,42.16
ST-2179,65.1,100.75
ST-2178,126.4,176.37
ST-2177,191.13,36.18
ST-2176,570.95,13.73
ST-2175,320.25,35.58
ST-2174,453.5,65.28
ST-2173,81.2,66.4
ST-2172,157.87,33.9
ST-2171,326.49,62.58
ST-2170,389.7,100.04
ST-217,287.17,74.45
ST-2169,241.4,39.69
ST-2168,135.79,61.93
ST-2167,398.39,16.18
ST-2166,27.92,22.07
ST-2165,473.1,27.2
ST-2164,752.6,9.51
ST-2163,319.94,122.44
ST-2162,724.47,221.19
ST-2161,494.99,44.69
ST-2160,171.25,104.72
ST-216,37.96,20.84
ST-2159,132.15,154.69
ST-2158,561.72,102.44
ST-2157,725.1,104.12
ST-2156,287.67,105.69
ST-2155,460.33,199.34
ST-2154,330.82,24.88
ST-2153,269.22,38.73
ST-2152,211.99,144.38
ST-2151,332.43,135.28
ST-2150,857.55,204.56
ST-215,439.74,49.32
ST-2149,715.12,14.11
ST-2148,1164.34,28.85
ST-2147,1421.72,28.85
ST-2146,566.24,53.27
ST-2145,78.12,54.32
ST-2144,338.85,301.17
ST-2143,196.24,96.37
ST-2142,78.25,91.06
ST-2141,324.43,83.06
ST-2140,105.23,36.78
ST-214,82.41,47.11
ST-2139,344.94,112.21
ST-2138,288.84,138.35
ST-2137,17.55,35.61
ST-2136,190.86,97.67
ST-2135,566.32,42.57
ST-2134,362.91,54.78
ST-2133,17.84,55.25
ST-2132,730.92,20.0
ST-2131,368.85,81.67
ST-2130,1009.08,32.78
ST-213,516.88,70.12
ST-2129,1336.07,12.59
ST-2128,361.44,54.89
ST-2127,832.79,27.14
ST-2126,792.53,17.94
ST-2125,184.22,40.67
ST-2124,520.31,16.1
ST-2123,700.39,118.39
ST-2122,1413.02,97.93
ST-2121,1190.01,94.09
ST-2120,251.36,55.29
ST-212,44.54,9.49
ST-2119,302.01,29.86
ST-2118,779.64,28.57
ST-2117,1050.07,21.24
ST-2116,1113.9,6.14
ST-2115,588.94,111.56
ST-2114,1359.26,36.01
ST-2113,1418.41,7.85
ST-2112,1117.15,74.19
ST-2111,291.91,76.8
ST-2110,140.64,120.5
ST-211,346.13,40.37
ST-2109,96.08,76.98
ST-2108,228.1,107.35
ST-2107,495.89,170.86
ST-2106,1181.69,166.78
ST-2105,372.15,365.36
ST-2104,373.76,26.18
ST-2103,145.14,9.44
ST-2102,39.48,74.58
ST-2101,315.68,20.73
ST-2100,595.01,34.44
ST-210,491.72,9.64
ST-21,253.83,82.61
ST-2099,222.74,102.59
ST-2098,709.21,42.23
ST-2097,249.43,48.27
ST-2096,503.23,90.99
ST-2095,236.75,42.4
ST-2094,204.07,13.04
ST-2093,170.34,22.52
ST-2092,526.85,124.54
ST-2091,128.74,60.41
ST-2090,826.53,106.81
ST-209,970.43,133.71
ST-2089,319.11,51.67
ST-2088,527.29,125.62
ST-2087,184.16,41.73
ST-2086,753.35,86.9
ST-2085,428.9,92.62
ST-2084,586.05,66.76
ST-2083,1196.17,35.46
ST-2082,1025.85,111.46
ST-2081,869.93,103.37
ST-2080,831.57,153.62
ST-208,400.53,47.7
ST-2079,575.31,23.38
ST-2078,506.86,41.83
ST-2077,266.45,98.59
ST-2076,323.54,25.25
ST-2075,168.89,46.9
ST-2074,495.65,8.48
ST-2073,574.39,175.48
ST-2072,246.0,98.67
ST-2071,1355.45,40.4
ST-2070,1077.8,90.49
ST-207,169.97,78.93
ST-2069,1278.17,89.14
ST-2068,617.46,158.95
ST-2067,722.87,131.31
ST-2066,747.41,27.7
ST-2065,616.92,41.59
ST-2064,431.28,169.84
ST-2063,586.95,19.45
ST-2062,638.07,67.17
ST-2061,460.34,121.23
ST-2060,329.29,213.16
ST-206,400.96,177.69
ST-2059,392.36,15.37
ST-2058,858.8,155.62
ST-2057,823.83,54.43
ST-2056,779.12,45.44
ST-2055,61.07,51.68
ST-2054,20.09,26.94
ST-2053,230.89,98.28
ST-2052,269.01,226.28
ST-2051,377.17,267.15
ST-2050,518.21,35.63
ST-205,33.55,50.99
ST-2049,666.63,209.79
ST-2048,454.76,261.17
ST-2047,246.99,44.44
ST-2046,308.33,99.79
ST-2045,68.37,66.29
ST-2044,339.67,293.59
ST-2043,626.79,101.23
ST-2042,506.18,77.29
ST-2041,244.37,143.62
ST-2040,269.0,187.39
ST-204,41.3,26.35
ST-2039,976.09,29.84
ST-2038,387.5,100.42
ST-2037,532.91,51.75
ST-2036,371.89,97.58
ST-2035,447.46,218.61
ST-2034,665.73,244.4
ST-2033,450.83,78.54
ST-2032,470.62,42.91
ST-2031,19.85,45.4
ST-2030,689.78,108.23
ST-203,30.85,37.47
ST-2029,915.33,134.55
ST-2028,388.45,130.57
ST-2027,532.23,51.5
ST-2026,327.53,144.76
ST-2025,416.1,121.77
ST-2024,611.37,54.75
ST-2023,350.46,55.42
ST-2022,354.74,88.1
ST-2021,570.82,72.97
ST-2020,320.94,48.2
ST-202,31.4,28.86
ST-2019,2891.74,82.41
ST-2018,262.64,106.9
ST-2017,388.49,148.14
ST-2016,449.68,36.74
ST-2015,496.81,220.88
ST-2014,49.22,31.33
ST-2013,572.17,68.9
ST-2012,729.7,12.75
ST-2011,565.26,77.65
ST-2010,637.66,13.94
ST-201,115.89,71.94
ST-2009,508.57,32.22
ST-2008,2012.31,14.71
ST-2007,660.48,78.2
ST-2006,565.36,96.79
ST-2005,190.33,46.47
ST-2004,1032.32,8.26
ST-2003,1052.92,20.82
ST-2002,655.92,237.7
ST-2001,1364.66,69.82
ST-2000,183.97,35.4
ST-200,44.91,41.68
ST-20,69.92,30.87
ST-1999,39.56,47.66
ST-1998,250.52,38.69
ST-1997,519.95,34.3
ST-1996,39.24,43.96
ST-1995,375.51,53.54
ST-1994,964.71,27.55
ST-1993,1480.34,128.55
ST-1992,162.6,4.33
ST-1991,358.09,38.54
ST-1990,73.47,29.6
ST-199,360.24,73.94
ST-1989,523.48,44.23
ST-1988,722.59,119.37
ST-1987,622.94,375.36
ST-1986,601.8,66.84
ST-1985,697.84,32.08
ST-1984,438.29,24.11
ST-1983,197.71,55.11
ST-1982,504.56,172.35
ST-1981,339.44,31.18
ST-1980,425.92,59.37
ST-198,36.03,179.29
ST-1979,22.77,41.88
ST-1978,522.92,92.94
ST-1977,394.22,37.58
ST-1976,660.43,231.64
ST-1975,677.03,65.43
ST-1974,722.06,88.56
ST-1973,531.63,69.23
ST-1972,437.42,52.97
ST-1971,575.68,43.65
ST-1970,322.88,257.72
ST-197,57.06,109.96
ST-1969,463.42,243.97
ST-1968,403.78,92.67
ST-1967,368.53,26.09
ST-1966,664.94,72.05
ST-1965,853.35,53.73
ST-1964,181.65,51.37
ST-1963,460.44,22.34
ST-1962,861.97,520.92
ST-1961,807.47,5.41
ST-1960,591.06,36.44
ST-196,135.41,94.73
ST-1959,417.89,37.12
ST-1958,488.39,34.72
ST-1957,762.27,5.41
ST-1956,1257.64,129.58
ST-1955,1109.93,29.61
ST-1954,1408.05,42.46
ST-1953,1393.48,39.16
ST-1952,1158.65,54.72
ST-1951,1123.49,62.37
ST-1950,1315.01,78.09
ST-195,246.73,66.85
ST-1949,1306.16,66.52
ST-1948,1040.26,40.85
ST-1947,1042.55,53.89
ST-1946,1096.64,46.27
ST-1945,1090.68,28.62
ST-1944,1147.59,122.11
ST-1943,1117.3,123.96
ST-1942,591.05,162.2
ST-1941,1144.67,28.42
ST-1940,447.53,27.55
ST-194,49.2,72.91
ST-1939,1168.37,34.33
ST-1938,152.74,25.51
ST-1937,468.37,66.45
ST-1936,232.53,85.42
ST-1935,502.79,87.11
ST-1934,681.56,149.29
ST-1933,710.38,190.51
ST-1932,232.24,117.48
ST-1931,1151.81,279.82
ST-1930,710.86,63.24
ST-193,297.63,143.07
ST-1929,672.12,80.0
ST-1928,88.27,50.48
ST-1927,556.99,52.68
ST-1926,115.29,79.16
ST-1925,2220.81,9.74
ST-1924,485.33,47.42
ST-1923,612.67,36.8
ST-1922,209.29,47.6
ST-1921,1250.47,92.83
ST-1920,125.68,34.79
ST-192,134.11,68.13
ST-1919,2426.98,20.73
ST-1918,482.03,50.08
ST-1917,1000.29,7.27
ST-1916,814.48,101.2
ST-1915,396.8,40.99
ST-1914,284.96,52.92
ST-1913,747.82,45.38
ST-1912,211.78,97.62
ST-1911,384.99,15.03
ST-1910,202.66,86.16
ST-191,101.49,86.61
ST-1909,340.54,8.26
ST-1908,451.59,103.3
ST-1907,232.09,85.39
ST-1906,436.95,24.36
ST-1905,568.66,106.26
ST-1904,763.31,178.94
ST-1903,811.29,93.81
ST-1902,816.16,96.87
ST-1901,840.63,20.81
ST-1900,300.27,136.5
ST-190,237.88,217.93
ST-19,36.85,62.0
ST-1899,91.96,27.33
ST-1898,411.92,54.92
ST-1897,85.24,65.89
ST-1896,54.82,24.36
ST-1895,12.39,116.15
ST-1894,537.38,24.28
ST-1893,224.63,58.19
ST-1892,1973.01,99.97
ST-1891,1898.22,5.84
ST-1890,2324.66,6.45
ST-189,175.47,51.92
ST-1889,313.13,41.89
ST-1888,645.94,78.75
ST-1887,65.52,5.42
ST-1886,47.92,114.05
ST-1885,49.21,76.77
ST-1884,48.91,91.67
ST-1883,278.0,170.97
ST-1882,70.87,29.77
ST-1881,69.06,45.57
ST-1880,386.87,31.54
ST-188,312.84,219.05
ST-1879,34.37,100.45
ST-1878,804.32,32.13
ST-1877,533.47,8.05
ST-1876,596.9,125.26
ST-1875,680.27,263.51
ST-1874,415.5,103.18
ST-1873,718.73,181.22
ST-1872,32.55,215.35
ST-1871,1056.86,90.15
ST-1870,511.15,60.04
ST-187,74.49,118.66
ST-1869,847.74,45.21
ST-1868,264.76,52.63
ST-1867,442.62,91.95
ST-1866,23.45,148.34
ST-1865,443.53,29.96
ST-1864,224.34,67.8
ST-1863,990.56,16.98
ST-1862,67.05,71.4
ST-1861,980.29,74.41
ST-1860,1676.93,197.67
ST-186,20.74,57.21
ST-1859,33.57,88.09
ST-1858,574.53,197.34
ST-1857,505.42,79.63
ST-1856,631.73,43.58
ST-1855,93.69,189.79
ST-1854,772.45,48.94
ST-1853,65.44,144.46
ST-1852,638.65,91.7
ST-1851,354.84,182.22
ST-1850,25.51,77.1
ST-185,64.42,16.97
ST-1849,905.21,181.93
ST-1848,261.25,72.09
ST-1847,92.99,28.76
ST-1846,154.51,73.5
ST-1845,391.81,12.02
ST-1844,633.24,11.35
ST-1843,14.27,27.96
ST-1842,292.45,164.92
ST-1841,376.76,108.85
ST-1840,659.84,54.77
ST-184,330.33,71.35
ST-1839,462.46,147.48
ST-1838,51.73,40.32
ST-1837,249.59,7.16
ST-1836,467.34,40.78
ST-1835,577.61,80.69
ST-1834,382.53,92.31
ST-1833,40.77,71.76
ST-1832,514.66,32.13
ST-1831,342.01,19.56
ST-1830,324.14,104.4
ST-183,389.33,45.82
ST-1829,271.89,10.73
ST-1828,2073.39,36.68
ST-1827,2078.28,20.73
ST-1826,1936.06,48.37
ST-1825,1840.29,52.06
ST-1824,286.9,56.6
ST-1823,52.4,36.38
ST-1822,407.42,83.24
ST-1821,1444.75,86.22
ST-1820,554.42,13.07
ST-182,440.04,23.73
ST-1819,497.9,48.5
ST-1818,168.59,41.08
ST-1817,283.75,0.95
ST-1816,397.71,105.05
ST-1815,39.56,58.42
ST-1814,214.99,43.87
ST-1813,82.86,16.92
ST-1812,30.28,109.34
ST-1811,43.41,29.73
ST-1810,426.08,80.95
ST-181,233.88,39.08
ST-1809,238.57,26.6
ST-1808,226.22,22.11
ST-1807,96.18,98.78
ST-1806,326.86,4.71
ST-1805,66.48,98.65
ST-1804,195.97,37.27
ST-1803,281.05,107.55
ST-1802,295.49,156.04
ST-1801,112.35,53.72
ST-1800,415.83,30.62
ST-180,82.1,101.93
ST-18,72.61,18.41
ST-1799,710.55,181.53
ST-1798,223.56,121.44
ST-1797,527.34,472.91
ST-1796,474.65,120.24
ST-1795,655.91,11.78
ST-1794,846.6,70.08
ST-1793,70.81,33.88
ST-1792,797.58,168.34
ST-1791,111.54,120.26
ST-1790,272.33,80.0
ST-179,79.19,37.53
ST-1789,72.25,23.31
ST-1788,403.75,22.93
ST-1787,102.32,146.12
ST-1786,31.24,83.22
ST-1785,51.99,123.73
ST-1784,356.61,285.23
ST-1783,258.97,54.1
ST-1782,153.59,24.84
ST-1781,332.26,17.39
ST-1780,90.9,64.22
ST-178,38.88,85.52
ST-1779,62.2,107.84
ST-1778,338.83,11.73
ST-1777,332.03,92.56
ST-1776,206.87,160.47
ST-1775,185.38,169.32
ST-1774,273.26,42.28
ST-1773,449.29,96.34
ST-1772,241.16,43.69
ST-1771,398.19,45.37
ST-1770,143.01,34.54
ST-177,65.69,11.46
ST-1769,445.86,138.06
ST-1768,185.82,20.4
ST-1767,237.14,110.41
ST-1766,683.56,35.48
ST-1765,994.82,150.28
ST-1764,228.71,61.48
ST-1763,182.78,11.94
ST-1762,506.23,163.18
ST-1761,298.1,35.13
ST-1760,373.31,195.03
ST-176,318.97,36.43
ST-1759,1245.8,164.92
ST-1758,592.51,364.87
ST-1757,450.69,51.77
ST-1756,917.78,20.29
ST-1755,941.93,13.92
ST-1754,1587.11,96.84
ST-1753,537.88,33.76
ST-1752,2278.46,96.64
ST-1751,158.34,115.94
ST-1750,78.31,35.09
ST-175,50.86,99.39
ST-1749,427.42,56.19
ST-1748,1132.83,664.33
ST-1747,341.12,108.17
ST-1746,359.33,66.99
ST-1745,552.43,140.29
ST-1744,1093.1,47.27
ST-1743,1318.58,66.2
ST-1742,477.8,34.27
ST-1741,576.68,391.31
ST-1740,857.35,24.24
ST-174,678.52,24.65
ST-1739,149.03,42.16
ST-1736,49.59,34.48
ST-1735,515.14,49.72
ST-1734,262.76,56.27
ST-1733,419.98,81.87
ST-1732,660.36,57.54
ST-1731,40.85,86.13
ST-1730,44.44,92.13
ST-173,292.84,26.65
ST-1729,57.6,154.52
ST-1728,40.96,108.51
ST-1727,310.64,154.2
ST-1726,826.5,8.54
ST-1725,1133.84,3.83
ST-1724,702.95,28.61
ST-1723,425.61,32.99
ST-1722,744.07,66.8
ST-1721,810.62,21.98
ST-1720,26.9,32.31
ST-172,576.46,22.3
ST-1719,35.69,119.49
ST-1718,38.35,19.3
ST-1717,353.55,34.28
ST-1716,502.24,118.73
ST-1715,316.12,137.52
ST-1714,245.56,159.13
ST-1713,486.32,78.5
ST-1712,632.4,153.84
ST-1711,527.29,242.68
ST-1710,540.69,73.4
ST-171,621.86,31.45
ST-1709,112.16,44.73
ST-1708,518.91,10.59
ST-1707,315.9,58.52
ST-1706,506.77,28.3
ST-1705,682.78,521.01
ST-1704,794.69,52.0
ST-1703,1300.52,436.37
ST-1702,881.97,29.42
ST-1701,631.36,54.02
ST-1700,675.38,53.36
ST-170,429.95,72.06
ST-17,314.91,77.19
ST-1699,588.03,32.91
ST-1698,488.09,66.29
ST-1697,758.72,29.92
ST-1696,211.27,294.67
ST-1695,74.55,72.21
ST-1694,106.44,53.56
ST-1693,483.96,212.41
ST-1692,330.92,13.02
ST-1691,127.36,40.7
ST-1690,294.92,119.05
ST-169,326.04,51.04
ST-1689,151.76,25.74
ST-1688,503.41,51.33
ST-1687,761.22,93.62
ST-1686,844.72,23.05
ST-1685,715.93,47.75
ST-1684,654.14,165.96
ST-1683,504.89,34.23
ST-1682,262.2,153.18
ST-1681,160.76,135.33
ST-1680,264.69,18.22
ST-168,770.36,49.66
ST-1679,579.18,16.93
ST-1678,19.34,62.82
ST-1677,389.49,155.43
ST-1676,1011.68,57.95
ST-1675,22.2,55.14
ST-1674,898.09,38.95
ST-1673,717.0,511.78
ST-1672,740.13,44.18
ST-1671,139.08,52.45
ST-1670,268.32,100.03
ST-167,1058.31,46.69
ST-1669,574.9,20.79
ST-1668,46.68,101.64
ST-1667,64.68,16.15
ST-1665,242.51,8.74
ST-1664,501.05,74.63
ST-1663,742.11,31.1
ST-1662,738.21,56.89
ST-1661,46.29,109.56
ST-1660,166.67,60.15
ST-166,170.68,220.77
ST-1659,471.55,82.52
ST-1658,55.92,60.97
ST-1657,1325.03,11.57
ST-1656,105.22,41.17
ST-1655,474.25,44.91
ST-1654,580.24,61.68
ST-1653,348.02,98.49
ST-1652,293.08,54.14
ST-1651,759.96,69.65
ST-1650,557.66,45.17
ST-165,440.94,30.36
ST-1649,184.63,193.13
ST-1648,249.26,76.95
ST-1647,803.61,45.16
ST-1646,471.16,24.81
ST-1645,633.52,156.06
ST-1644,1371.01,13.57
ST-1643,1180.78,77.78
ST-1642,521.19,39.01
ST-1641,336.88,47.95
ST-1640,39.28,44.42
ST-164,330.33,71.35
ST-1639,86.7,19.23
ST-1638,409.86,30.9
ST-1637,220.17,26.26
ST-1636,230.09,63.38
ST-1635,54.66,77.8
ST-1634,1183.86,109.56
ST-1633,461.83,109.31
ST-1632,241.87,20.9
ST-1631,135.91,275.88
ST-1630,1276.37,60.96
ST-163,22.29,20.82
ST-1629,558.05,19.73
ST-1628,704.83,131.43
ST-1627,822.55,50.67
ST-1626,276.7,215.99
ST-1625,755.8,64.61
ST-1623,378.18,53.63
ST-1622,710.46,186.14
ST-1621,727.47,60.22
ST-1620,763.04,33.24
ST-162,231.26,114.03
ST-1619,186.14,171.9
ST-1618,442.37,34.75
ST-1617,399.33,50.35
ST-1616,417.18,43.62
ST-1615,316.84,50.52
ST-1614,16.47,32.13
ST-1613,562.18,32.85
ST-1612,203.76,144.58
ST-1611,184.55,50.28
ST-1610,188.52,115.41
ST-161,282.77,135.31
ST-1609,327.9,33.86
ST-1608,285.28,35.57
ST-1607,306.36,19.04
ST-1606,106.74,77.22
ST-1605,228.89,25.86
ST-1604,799.09,268.87
ST-1603,226.73,11.69
ST-1602,849.53,39.02
ST-1601,522.74,32.95
ST-1600,424.56,173.86
ST-160,434.05,33.97
ST-16,167.82,25.04
ST-1599,841.0,77.93
ST-1598,268.55,118.7
ST-1597,706.95,123.95
ST-1596,400.41,9.55
ST-1595,467.41,119.67
ST-1594,669.7,275.77
ST-1593,285.41,5.06
ST-1592,426.79,66.06
ST-1591,1046.94,53.29
ST-1590,491.46,39.85
ST-159,577.76,93.99
ST-1589,1057.55,75.69
ST-1588,115.03,278.14
ST-1587,261.21,103.0
ST-1586,470.27,142.49
ST-1585,458.65,60.33
ST-1584,78.74,61.9
ST-1583,448.72,77.27
ST-1582,446.26,165.67
ST-1581,618.01,192.46
ST-1580,596.34,52.22
ST-158,289.71,129.7
ST-1579,1033.5,225.43
ST-1578,1152.48,55.93
ST-1577,201.79,11.42
ST-1576,340.86,130.57
ST-1575,232.62,19.48
ST-1574,62.07,89.51
ST-1573,335.53,44.5
ST-1572,439.33,46.37
ST-1571,353.92,13.26
ST-1570,64.44,60.73
ST-157,85.18,46.77
ST-1569,385.18,37.94
ST-1568,469.62,44.06
ST-1567,445.96,131.86
ST-1566,401.41,142.49
ST-1565,882.2,122.96
ST-1564,839.52,50.36
ST-1563,1163.6,52.66
ST-1562,1405.24,4.33
ST-1561,1206.45,140.34
ST-1560,757.85,29.85
ST-156,379.69,5.48
ST-1559,342.15,41.07
ST-1558,987.19,115.09
ST-1557,664.54,32.13
ST-1556,416.73,31.48
ST-1555,87.64,64.52
ST-1554,338.44,67.45
ST-1553,56.56,32.41
ST-1552,402.33,171.16
ST-1551,972.7,77.0
ST-1550,919.17,127.66
ST-155,323.45,82.86
ST-1549,310.47,160.67
ST-1548,377.89,92.52
ST-1547,437.97,42.28
ST-1546,76.09,13.61
ST-1545,40.66,35.23
ST-1544,578.55,32.85
ST-1543,249.47,48.07
ST-1542,575.56,71.24
ST-1541,397.05,42.43
ST-1540,561.04,60.42
ST-154,408.07,94.11
ST-1539,661.9,9.04
ST-1538,698.35,67.04
ST-1537,926.33,183.08
ST-1536,576.26,64.08
ST-1535,862.11,139.27
ST-1534,875.66,11.97
ST-1533,1770.66,52.93
ST-1532,659.52,34.16
ST-1531,151.83,108.1
ST-1530,300.33,25.11
ST-153,603.1,20.71
ST-1529,91.32,173.62
ST-1528,502.12,19.89
ST-1527,740.38,71.2
ST-1526,250.59,42.46
ST-1525,197.97,63.57
ST-1524,849.93,52.18
ST-1523,833.31,2.08
ST-1522,484.82,78.07
ST-1521,551.44,59.73
ST-1520,1115.74,220.06
ST-152,84.93,36.52
ST-1519,707.13,21.29
ST-1518,1185.78,90.42
ST-1517,482.99,232.15
ST-1516,413.13,74.86
ST-1515,8.11,5.45
ST-1514,1126.94,43.75
ST-1513,500.82,30.92
ST-1512,513.74,142.32
ST-1511,604.65,60.72
ST-1510,530.9,93.96
ST-151,29.11,59.17
ST-1509,443.54,23.73
ST-1508,378.72,23.3
ST-1507,318.49,9.84
ST-1506,47.71,52.56
ST-1505,727.81,111.48
ST-1504,619.52,28.14
ST-1503,221.09,80.99
ST-1502,1088.76,39.24
ST-1501,1367.84,72.89
ST-1500,1113.67,210.3
ST-150,21.98,89.47
ST-15,62.42,26.56
ST-1499,639.46,116.3
ST-1498,1811.15,28.33
ST-1497,257.59,179.73
ST-1496,726.38,23.75
ST-1495,661.65,35.04
ST-1494,429.83,120.97
ST-1493,485.63,46.17
ST-1492,87.1,22.64
ST-1491,375.19,39.01
ST-1490,1386.69,289.53
ST-149,576.39,57.32
ST-1489,1106.13,223.75
ST-1488,298.39,37.08
ST-1487,446.07,158.78
ST-1486,880.53,22.39
ST-1485,419.15,83.84
ST-1484,324.79,31.69
ST-1483,277.13,190.5
ST-1482,38.61,39.11
ST-1481,174.51,112.94
ST-1480,545.37,27.08
ST-148,346.6,78.01
ST-1479,628.23,70.81
ST-1478,414.49,58.17
ST-1477,578.77,200.52
ST-1476,423.07,51.04
ST-1475,1482.9,35.61
ST-1474,20.77,105.73
ST-1473,1324.36,45.68
ST-1472,744.44,134.36
ST-1471,1108.22,188.32
ST-1470,212.1,79.88
ST-147,396.77,62.19
ST-1469,1055.36,56.32
ST-1468,451.76,42.45
ST-1467,73.1,124.79
ST-1466,1072.18,26.8
ST-1465,542.71,85.74
ST-1464,112.91,158.28
ST-1463,398.92,141.51
ST-1462,203.44,111.6
ST-1461,493.88,19.47
ST-1460,342.83,79.15
ST-146,286.42,57.82
ST-1459,236.99,56.29
ST-1458,266.86,69.37
ST-1457,832.2,43.0
ST-1456,267.67,74.76
ST-1455,283.68,167.28
ST-1454,27.29,36.83
ST-1453,495.02,54.99
ST-1452,396.25,27.34
ST-1451,266.4,97.12
ST-1450,668.74,29.26
ST-145,409.84,0.78
ST-1449,484.26,227.38
ST-1448,472.66,44.15
ST-1447,1595.74,149.5
ST-1446,883.19,65.77
ST-1445,199.86,123.23
ST-1444,844.31,121.34
ST-1443,99.29,115.51
ST-1442,308.87,10.56
ST-1441,909.62,95.68
ST-1440,376.69,73.21
ST-144,302.55,58.91
ST-1439,292.87,40.05
ST-1438,209.81,37.8
ST-1437,212.83,188.97
ST-1436,397.02,82.05
ST-1435,8.88,16.71
ST-1434,231.2,159.23
ST-1433,324.92,118.0
ST-1432,368.46,33.85
ST-143,266.77,44.93
ST-1429,723.33,311.61
ST-1428,257.44,152.74
ST-1427,347.29,57.98
ST-1426,417.94,166.12
ST-1425,1590.54,50.15
ST-1424,611.96,70.76
ST-1423,364.83,19.21
ST-1422,841.67,31.34
ST-1421,236.13,26.5
ST-1420,126.46,70.77
ST-142,68.54,56.01
ST-1419,795.93,101.85
ST-1418,1361.91,17.37
ST-1417,1287.05,63.63
ST-1416,1633.34,23.96
ST-1414,470.9,9.71
ST-1413,621.62,31.91
ST-1411,395.42,223.11
ST-1410,326.8,19.33
ST-1409,251.3,55.78
ST-1408,814.82,103.84
ST-1407,1619.02,75.36
ST-1406,561.91,84.97
ST-1405,390.12,43.07
ST-1404,76.83,105.68
ST-1403,104.39,33.59
ST-1402,591.39,150.15
ST-1400,961.13,16.86
ST-140,372.24,43.01
ST-14,766.59,197.64
ST-1398,1746.58,58.62
ST-1397,418.39,46.51
ST-1396,1101.85,326.16
ST-1395,1202.01,463.93
ST-1394,428.05,145.67
ST-1392,25.54,19.52
ST-1391,42.82,122.36
ST-1390,16.98,6.52
ST-139,428.39,75.11
ST-1389,27.98,66.48
ST-1388,18.54,118.81
ST-1387,87.53,28.77
ST-1386,10.38,24.53
ST-1385,1434.76,16.69
ST-1384,309.14,48.2
ST-1383,10.42,17.37
ST-1381,523.29,73.21
ST-1380,891.78,76.41
ST-138,391.18,75.13
ST-1379,648.61,42.84
ST-1378,625.32,30.61
ST-1377,155.74,79.88
ST-1376,23.06,69.2
ST-1375,85.01,123.37
ST-1374,388.3,44.15
ST-1373,200.96,61.27
ST-1372,87.93,78.77
ST-1371,562.73,55.5
ST-1370,597.3,116.39
ST-137,147.51,119.7
ST-1369,291.9,182.61
ST-1367,826.82,90.56
ST-1366,275.96,57.88
ST-1365,136.61,41.83
ST-1364,1210.09,103.28
ST-1361,951.35,104.3
ST-1360,234.42,32.64
ST-136,88.87,155.21
ST-1359,738.64,80.96
ST-1357,332.49,99.05
ST-1356,162.45,92.13
ST-1355,437.39,61.93
ST-1354,53.04,41.14
ST-1353,376.76,37.46
ST-1352,741.66,34.31
ST-1351,611.22,30.66
ST-1350,617.27,197.6
ST-1349,617.77,46.17
ST-1348,696.64,108.96
ST-1347,381.05,43.99
ST-1346,372.84,52.36
ST-1345,251.15,58.94
ST-1344,230.41,158.57
ST-1343,1029.95,111.29
ST-1342,108.67,34.16
ST-1341,45.98,30.46
ST-134,177.79,95.4
ST-1339,127.19,129.99
ST-1338,457.3,12.14
ST-1337,73.17,51.1
ST-1336,85.99,272.8
ST-1335,1032.28,74.34
ST-1334,387.35,73.3
ST-1333,56.87,64.61
ST-1332,71.72,124.55
ST-1331,512.57,11.48
ST-1329,689.92,64.38
ST-1328,170.94,128.86
ST-1327,617.31,35.77
ST-1326,808.69,161.63
ST-1325,54.2,41.3
ST-1324,891.07,313.95
ST-1323,373.81,37.12
ST-1322,283.03,135.81
ST-1321,208.11,197.03
ST-1320,321.21,41.01
ST-132,103.52,19.74
ST-1319,108.8,38.37
ST-1317,24.57,38.93
ST-1316,540.75,90.82
ST-1315,71.61,155.65
ST-1314,1195.66,62.05
ST-1313,1376.63,277.15
ST-1312,1258.62,67.72
ST-1311,1910.25,62.69
ST-1310,512.73,290.38
ST-131,217.64,65.44
ST-1309,403.1,28.11
ST-1308,866.52,52.99
ST-1307,423.66,34.46
ST-1306,471.09,112.04
ST-1305,57.28,49.18
ST-1303,220.76,10.84
ST-1302,625.18,25.67
ST-1300,615.28,14.58
ST-130,540.95,92.61
ST-13,211.0,24.38
ST-1299,104.89,59.23
ST-1298,72.13,60.21
ST-1297,437.36,23.35
ST-1296,1106.45,60.85
ST-1295,711.69,100.91
ST-1293,1327.76,53.49
ST-1292,577.37,103.46
ST-1291,253.92,42.74
ST-1290,105.6,67.78
ST-129,72.01,119.56
ST-1289,612.49,166.7
ST-1288,555.76,4.35
ST-1287,677.63,40.38
ST-1286,142.54,36.2
ST-1285,137.83,47.65
ST-1284,711.65,182.7
ST-1283,587.47,172.56
ST-1282,1100.77,30.51
ST-1281,758.12,102.55
ST-1280,588.33,57.38
ST-128,119.61,88.59
ST-1279,129.95,64.84
ST-1278,572.81,276.38
ST-1277,328.92,27.84
ST-1276,386.36,21.77
ST-1275,640.42,99.67
ST-1274,613.65,67.3
ST-1273,177.88,70.55
ST-1271,921.96,50.5
ST-1270,275.62,103.2
ST-127,105.23,36.78
ST-1269,210.84,31.21
ST-1268,61.16,28.68
ST-1267,59.43,131.32
ST-1266,417.98,28.7
ST-1265,665.84,72.58
ST-1264,28.56,80.63
ST-1263,17.92,60.58
ST-1262,132.24,9.49
ST-1260,155.86,17.02
ST-126,294.98,54.06
ST-1259,286.65,26.31
ST-1254,450.69,172.77
ST-1253,519.57,75.81
ST-1252,1271.4,14.89
ST-1251,86.82,76.58
ST-1250,543.06,146.11
ST-125,195.16,23.93
ST-1249,50.56,87.42
ST-1248,2138.09,64.75
ST-1247,389.4,45.38
ST-1246,79.07,42.25
ST-1245,377.27,170.48
ST-1243,873.96,45.68
ST-1241,586.86,82.51
ST-124,333.69,105.12
ST-1239,48.34,19.18
ST-1238,63.82,45.23
ST-1237,76.9,92.43
ST-1236,242.95,51.21
ST-1235,293.06,27.83
ST-1233,278.65,81.91
ST-1231,1136.23,38.98
ST-1230,478.08,218.62
ST-123,562.31,13.32
ST-1229,1181.3,170.15
ST-1228,368.8,92.12
ST-1227,297.99,100.94
ST-1226,561.82,210.53
ST-1225,669.93,72.63
ST-1224,696.65,17.96
ST-1223,69.13,77.82
ST-1222,664.82,49.26
ST-1221,596.98,77.47
ST-1220,510.25,17.75
ST-122,102.82,72.04
ST-1219,486.24,44.67
ST-1218,478.92,9.11
ST-1217,315.24,135.9
ST-1216,252.07,241.54
ST-1215,368.94,70.04
ST-1213,905.14,80.36
ST-1212,251.7,13.52
ST-1211,516.61,69.6
ST-1210,749.89,13.53
ST-121,154.03,89.59
ST-1208,316.92,20.23
ST-1207,134.72,24.88
ST-1206,865.45,51.92
ST-1204,820.78,34.52
ST-1203,439.32,48.53
ST-1202,215.96,148.26
ST-1201,237.24,62.29
ST-1200,273.55,46.08
ST-120,74.51,17.63
ST-12,148.41,45.58
ST-1199,248.27,85.22
ST-1198,367.25,40.99
ST-1197,31.58,32.09
ST-1195,153.1,71.8
ST-1194,613.43,21.28
ST-1193,599.5,72.13
ST-1192,373.84,85.73
ST-1191,784.09,32.21
ST-1190,1230.51,8.18
ST-119,223.13,178.05
ST-1189,1327.12,15.12
ST-1188,351.44,38.41
ST-1186,37.1,40.75
ST-1185,106.75,49.5
ST-1184,39.87,29.3
ST-1182,53.07,37.16
ST-1181,18.58,147.19
ST-1180,312.75,62.28
ST-118,58.59,109.45
ST-1179,130.77,18.07
ST-1178,364.99,146.35
ST-1177,552.06,40.67
ST-1174,488.14,88.99
ST-1173,715.07,127.58
ST-1172,656.21,128.36
ST-1171,252.21,32.75
ST-1170,30.97,101.79
ST-117,183.68,6.22
ST-1169,432.03,225.47
ST-1168,431.15,66.94
ST-1167,1335.69,22.38
ST-1166,151.53,49.73
ST-1165,736.74,43.27
ST-1164,557.54,131.51
ST-1163,69.81,47.85
ST-1162,267.76,215.55
ST-1161,451.98,279.55
ST-1160,353.32,56.65
ST-116,340.92,56.71
ST-1158,152.17,69.0
ST-1157,317.74,45.28
ST-1156,444.54,25.08
ST-1154,378.12,29.84
ST-1153,581.34,80.37
ST-1152,26.73,40.7
ST-1151,169.42,121.55
ST-1150,100.22,24.77
ST-115,550.56,135.72
ST-1149,511.63,22.46
ST-1148,656.6,35.16
ST-1147,536.41,31.31
ST-1146,541.24,32.04
ST-1144,1164.11,10.29
ST-1143,1375.94,18.08
ST-1142,897.38,42.83
ST-1141,738.6,122.15
ST-1140,446.62,114.8
ST-114,469.66,60.84
ST-1137,25.75,95.77
ST-1136,351.89,148.72
ST-1135,642.01,15.52
ST-1133,383.19,88.41
ST-1132,328.92,45.78
ST-1131,319.33,200.18
ST-1130,588.07,64.21
ST-113,763.66,226.4
ST-1129,643.58,14.21
ST-1128,991.64,105.68
ST-1127,906.53,29.2
ST-1125,290.1,26.36
ST-1124,398.21,9.43
ST-1123,612.42,46.76
ST-1122,363.28,30.15
ST-1121,31.5,22.68
ST-1120,239.77,29.73
ST-112,574.65,79.39
ST-1119,610.6,44.82
ST-1118,439.7,90.22
ST-1114,775.46,47.48
ST-1111,42.15,71.35
ST-1110,602.26,90.11
ST-111,236.41,50.95
ST-1109,285.31,52.31
ST-1108,1457.25,57.23
ST-1107,1366.57,29.03
ST-1106,1260.63,75.89
ST-1105,75.74,13.82
ST-1104,539.06,37.64
ST-1103,400.92,29.77
ST-1102,699.63,67.81
ST-1101,74.07,28.82
ST-1100,420.66,93.51
ST-110,1337.97,93.19
ST-11,253.55,52.84
ST-1099,309.77,66.88
ST-1098,40.9,25.79
ST-1097,547.33,50.01
ST-1096,808.9,36.81
ST-1095,547.83,79.43
ST-1094,753.68,45.45
ST-1093,441.58,28.06
ST-1092,282.31,82.08
ST-109,258.63,105.68
ST-1089,217.48,40.75
ST-1088,447.83,9.95
ST-1087,163.04,39.42
ST-1086,628.29,119.31
ST-1085,547.46,64.95
ST-1084,200.7,20.35
ST-1083,45.09,83.94
ST-1082,978.96,10.79
ST-1081,245.79,104.27
ST-1080,36.11,153.11
ST-108,107.45,62.85
ST-1079,505.58,51.24
ST-1078,43.21,17.49
ST-1077,496.54,49.67
ST-1076,16.1,168.51
ST-1075,543.02,140.15
ST-1072,49.82,58.2
ST-1070,91.22,164.36
ST-107,277.64,26.52
ST-1069,1207.1,46.11
ST-1067,633.56,76.68
ST-1065,58.57,56.88
ST-1064,228.45,87.39
ST-1063,115.42,16.55
ST-1062,118.97,28.92
ST-1061,17.44,21.58
ST-106,622.77,70.8
ST-1059,1230.79,41.77
ST-1058,467.29,46.79
ST-1057,1193.01,368.45
ST-1056,524.44,232.39
ST-1055,1241.29,59.32
ST-1054,582.54,32.69
ST-1053,342.51,43.27
ST-1052,100.37,25.85
ST-1051,818.79,293.53
ST-1050,693.25,24.54
ST-105,156.58,100.29
ST-1049,71.45,217.67
ST-1048,546.94,138.76
ST-1047,392.24,20.3
ST-1046,265.46,44.63
ST-1045,366.55,60.21
ST-1044,720.35,23.47
ST-1043,951.71,167.92
ST-1042,1219.81,94.57
ST-1041,261.01,86.89
ST-1040,840.07,14.24
ST-104,414.71,129.42
ST-1039,893.73,17.67
ST-1038,531.26,141.86
ST-1037,40.18,39.65
ST-1036,179.79,19.17
ST-1035,64.57,29.11
ST-1034,148.1,150.94
ST-1033,392.83,14.08
ST-1032,13.11,58.16
ST-1031,1228.52,37.42
ST-103,522.92,90.29
ST-1029,648.5,169.73
ST-1028,1229.77,27.62
ST-1027,1279.34,113.65
ST-1025,632.96,86.2
ST-1024,541.9,93.95
ST-1023,900.04,19.23
ST-1021,106.66,6.92
ST-1020,552.36,74.94
ST-102,324.53,18.61
ST-1019,735.35,310.31
ST-1018,1119.96,20.28
ST-1017,983.16,23.87
ST-1016,1193.47,120.43
ST-1015,67.57,18.01
ST-1014,1534.93,49.79
ST-1013,98.8,128.3
ST-1012,1349.23,43.23
ST-1011,961.24,83.18
ST-1010,1267.78,5.63
ST-101,831.2,70.7
ST-1008,422.56,152.37
ST-1007,1381.57,34.82
ST-1006,1209.9,89.48
ST-1005,734.32,50.31
ST-1004,1978.24,51.83
ST-1003,1096.6,68.32
ST-1002,611.71,92.05
ST-1000,240.12,10.14
ST-100,510.95,227.68
ST-10,560.21,115.76
