시군명,구/읍면동명,사고년도,사고유형구분,다발지역FID,다발지역ID,법정동코드,위치코드,시도시군구명,사고지역위치명,발생건수,사상자수,사망자수,중상자수,경상자수,부상자수,위도,경도,사고다발지역폴리곤정보
하남시,선동,2022,자전거사고다발지,6813235,2023016,4145011200,41450004,경기도 하남시4,경기도 하남시 선동(미사강변도시8단지 부근),4,4,0,0,4,0,37.57249235,127.1832784,"{""type"":""Polygon"",""coordinates"":[[[127.18507499,37.57249235],[127.18504046,37.57221454],[127.18493823,37.57194741],[127.1847722,37.57170123],[127.18454876,37.57148544],[127.18427651,37.57130835],[127.1839659,37.57117675],[127.18362886,37.57109572],[127.18327835,37.57106836],[127.18292785,37.57109572],[127.18259081,37.57117675],[127.1822802,37.57130835],[127.18200795,37.57148544],[127.18178451,37.57170123],[127.18161848,37.57194741],[127.18151625,37.57221454],[127.18148172,37.57249235],[127.18151625,37.57277015],[127.18161848,37.57303728],[127.18178451,37.57328346],[127.18200795,37.57349925],[127.1822802,37.57367633],[127.18259081,37.57380792],[127.18292785,37.57388895],[127.18327835,37.57391631],[127.18362886,37.57388895],[127.1839659,37.57380792],[127.18427651,37.57367633],[127.18454876,37.57349925],[127.1847722,37.57328346],[127.18493823,37.57303728],[127.18504046,37.57277015],[127.18507499,37.57249235]]]}"
하남시,망월동,2022,자전거사고다발지,6813093,2023016,4145010900,41450003,경기도 하남시3,경기도 하남시 망월동(미사2동 행정복지센터 부근),4,5,0,1,2,2,37.56708975,127.1853395,"{""type"":""Polygon"",""coordinates"":[[[127.18713611,37.56708975],[127.18710158,37.56681192],[127.18699935,37.56654477],[127.18683332,37.56629856],[127.18660989,37.56608276],[127.18633763,37.56590566],[127.18602702,37.56577406],[127.18568998,37.56569302],[127.18533948,37.56566565],[127.18498897,37.56569302],[127.18465194,37.56577406],[127.18434132,37.56590566],[127.18406907,37.56608276],[127.18384563,37.56629856],[127.18367961,37.56654477],[127.18357737,37.56681192],[127.18354285,37.56708975],[127.18357737,37.56736757],[127.18367961,37.56763472],[127.18384563,37.56788092],[127.18406907,37.56809672],[127.18434132,37.56827382],[127.18465194,37.56840541],[127.18498897,37.56848645],[127.18533948,37.56851381],[127.18568998,37.56848645],[127.18602702,37.56840541],[127.18633763,37.56827382],[127.18660989,37.56809672],[127.18683332,37.56788092],[127.18699935,37.56763472],[127.18710158,37.56736757],[127.18713611,37.56708975]]]}"
성남시,중원구,2022,자전거사고다발지,6813058,2023016,4113310100,41133001,경기도 성남시 중원구1,경기도 성남시 중원구 성남동(모란사거리 부근),7,7,0,3,4,0,37.43334412,127.1289311,"{""type"":""Polygon"",""coordinates"":[[[127.13072774,37.43334412],[127.13069322,37.4330658],[127.13059098,37.43279817],[127.13042495,37.43255152],[127.13020152,37.43233533],[127.12992927,37.43215791],[127.12961865,37.43202607],[127.12928162,37.43194489],[127.12893111,37.43191747],[127.12858061,37.43194489],[127.12824357,37.43202607],[127.12793296,37.43215791],[127.1276607,37.43233533],[127.12743727,37.43255152],[127.12727124,37.43279817],[127.127169,37.4330658],[127.12713448,37.43334412],[127.127169,37.43362244],[127.12727124,37.43389007],[127.12743727,37.43413671],[127.1276607,37.4343529],[127.12793296,37.43453031],[127.12824357,37.43466215],[127.12858061,37.43474333],[127.12893111,37.43477074],[127.12928162,37.43474333],[127.12961865,37.43466215],[127.12992927,37.43453031],[127.13020152,37.4343529],[127.13042495,37.43413671],[127.13059098,37.43389007],[127.13069322,37.43362244],[127.13072774,37.43334412]]]}"
수원시,권선구,2022,자전거사고다발지,6814022,2023016,4111312600,41113001,경기도 수원시 권선구1,경기도 수원시 권선구 세류동(칠갑산마트 부근),5,5,0,2,2,1,37.25282626,127.0127699,"{""type"":""Polygon"",""coordinates"":[[[127.01456654,37.25282626],[127.01453201,37.25254727],[127.01442978,37.252279],[127.01426375,37.25203176],[127.01404032,37.25181505],[127.01376806,37.2516372],[127.01345745,37.25150504],[127.01312041,37.25142366],[127.01276991,37.25139618],[127.0124194,37.25142366],[127.01208236,37.25150504],[127.01177175,37.2516372],[127.0114995,37.25181505],[127.01127606,37.25203176],[127.01111004,37.252279],[127.0110078,37.25254727],[127.01097328,37.25282626],[127.0110078,37.25310526],[127.01111004,37.25337353],[127.01127606,37.25362076],[127.0114995,37.25383747],[127.01177175,37.25401531],[127.01208236,37.25414746],[127.0124194,37.25422884],[127.01276991,37.25425632],[127.01312041,37.25422884],[127.01345745,37.25414746],[127.01376806,37.25401531],[127.01404032,37.25383747],[127.01426375,37.25362076],[127.01442978,37.25337353],[127.01453201,37.25310526],[127.01456654,37.25282626]]]}"
수원시,권선구,2022,자전거사고다발지,6813266,2023016,4111313400,41113002,경기도 수원시 권선구2,경기도 수원시 권선구 금곡동(홈플러스 서수원점 부근),4,4,0,2,2,0,37.27475072,126.9554412,"{""type"":""Polygon"",""coordinates"":[[[126.95723786,37.27475072],[126.95720334,37.27447181],[126.9571011,37.27420361],[126.95693507,37.27395644],[126.95671164,37.2737398],[126.95643938,37.273562],[126.95612877,37.27342988],[126.95579173,37.27334853],[126.95544123,37.27332105],[126.95509072,37.27334853],[126.95475369,37.27342988],[126.95444307,37.273562],[126.95417082,37.2737398],[126.95394738,37.27395644],[126.95378136,37.27420361],[126.95367912,37.27447181],[126.9536446,37.27475072],[126.95367912,37.27502963],[126.95378136,37.27529782],[126.95394738,37.27554499],[126.95417082,37.27576163],[126.95444307,37.27593942],[126.95475369,37.27607153],[126.95509072,37.27615289],[126.95544123,37.27618036],[126.95579173,37.27615289],[126.95612877,37.27607153],[126.95643938,37.27593942],[126.95671164,37.27576163],[126.95693507,37.27554499],[126.9571011,37.27529782],[126.95720334,37.27502963],[126.95723786,37.27475072]]]}"
수원시,팔달구,2022,자전거사고다발지,6814023,2023016,4111513300,41115001,경기도 수원시 팔달구1,경기도 수원시 팔달구 매교동(교동사거리 부근),5,5,1,1,1,2,37.27209795,127.0165767,"{""type"":""Polygon"",""coordinates"":[[[127.01837331,37.27209795],[127.01833878,37.27181903],[127.01823655,37.27155083],[127.01807052,37.27130365],[127.01784709,37.27108699],[127.01757483,37.27090919],[127.01726422,37.27077707],[127.01692718,37.27069571],[127.01657668,37.27066823],[127.01622617,37.27069571],[127.01588913,37.27077707],[127.01557852,37.27090919],[127.01530627,37.27108699],[127.01508283,37.27130365],[127.01491681,37.27155083],[127.01481457,37.27181903],[127.01478005,37.27209795],[127.01481457,37.27237687],[127.01491681,37.27264507],[127.01508283,37.27289225],[127.01530627,37.2731089],[127.01557852,37.27328669],[127.01588913,37.27341881],[127.01622617,37.27350017],[127.01657668,37.27352764],[127.01692718,37.27350017],[127.01726422,37.27341881],[127.01757483,37.27328669],[127.01784709,37.2731089],[127.01807052,37.27289225],[127.01823655,37.27264507],[127.01833878,37.27237687],[127.01837331,37.27209795]]]}"
수원시,팔달구,2022,자전거사고다발지,6813065,2023016,4111513800,41115002,경기도 수원시 팔달구2,경기도 수원시 팔달구 화서동(화서문지구대 부근),4,4,0,1,1,2,37.28681556,126.9929212,"{""type"":""Polygon"",""coordinates"":[[[126.99471787,37.28681556],[126.99468335,37.28653669],[126.99458111,37.28626854],[126.99441508,37.28602141],[126.99419165,37.28580479],[126.99391939,37.28562702],[126.99360878,37.28549493],[126.99327175,37.28541359],[126.99292124,37.28538612],[126.99257074,37.28541359],[126.9922337,37.28549493],[126.99192309,37.28562702],[126.99165083,37.28580479],[126.9914274,37.28602141],[126.99126137,37.28626854],[126.99115913,37.28653669],[126.99112461,37.28681556],[126.99115913,37.28709442],[126.99126137,37.28736257],[126.9914274,37.2876097],[126.99165083,37.2878263],[126.99192309,37.28800407],[126.9922337,37.28813616],[126.99257074,37.2882175],[126.99292124,37.28824496],[126.99327175,37.2882175],[126.99360878,37.28813616],[126.99391939,37.28800407],[126.99419165,37.2878263],[126.99441508,37.2876097],[126.99458111,37.28736257],[126.99468335,37.28709442],[126.99471787,37.28681556]]]}"
시흥시,정왕동,2022,자전거사고다발지,6814030,2023016,4139013200,41390001,경기도 시흥시1,경기도 시흥시 정왕동(하모니마트 부근),5,5,0,3,1,1,37.34537798,126.7489134,"{""type"":""Polygon"",""coordinates"":[[[126.75070999,37.34537798],[126.75067547,37.34509933],[126.75057323,37.34483139],[126.7504072,37.34458445],[126.75018377,37.34436801],[126.74991151,37.34419038],[126.7496009,37.34405838],[126.74926386,37.3439771],[126.74891336,37.34394966],[126.74856285,37.3439771],[126.74822582,37.34405838],[126.74791521,37.34419038],[126.74764295,37.34436801],[126.74741952,37.34458445],[126.74725349,37.34483139],[126.74715125,37.34509933],[126.74711673,37.34537798],[126.74715125,37.34565663],[126.74725349,37.34592457],[126.74741952,37.3461715],[126.74764295,37.34638794],[126.74791521,37.34656557],[126.74822582,37.34669756],[126.74856285,37.34677883],[126.74891336,37.34680628],[126.74926386,37.34677883],[126.7496009,37.34669756],[126.74991151,37.34656557],[126.75018377,37.34638794],[126.7504072,37.3461715],[126.75057323,37.34592457],[126.75067547,37.34565663],[126.75070999,37.34537798]]]}"
시흥시,정왕동,2022,자전거사고다발지,6813068,2023016,4139013200,41390002,경기도 시흥시2,경기도 시흥시 정왕동(시흥장애인복지관 부근),5,5,0,3,1,1,37.34766855,126.7418653,"{""type"":""Polygon"",""coordinates"":[[[126.74366191,37.34766855],[126.74362739,37.34738991],[126.74352515,37.34712198],[126.74335913,37.34687505],[126.74313569,37.34665861],[126.74286344,37.34648098],[126.74255282,37.346349],[126.74221579,37.34626772],[126.74186528,37.34624027],[126.74151478,37.34626772],[126.74117774,37.346349],[126.74086713,37.34648098],[126.74059487,37.34665861],[126.74037144,37.34687505],[126.74020541,37.34712198],[126.74010317,37.34738991],[126.74006865,37.34766855],[126.74010317,37.34794719],[126.74020541,37.34821513],[126.74037144,37.34846205],[126.74059487,37.34867848],[126.74086713,37.3488561],[126.74117774,37.34898809],[126.74151478,37.34906936],[126.74186528,37.34909681],[126.74221579,37.34906936],[126.74255282,37.34898809],[126.74286344,37.3488561],[126.74313569,37.34867848],[126.74335913,37.34846205],[126.74352515,37.34821513],[126.74362739,37.34794719],[126.74366191,37.34766855]]]}"
시흥시,정왕동,2022,자전거사고다발지,6813078,2023016,4139013200,41390003,경기도 시흥시3,경기도 시흥시 정왕동(정왕농협삼거리 부근),4,4,0,1,2,1,37.34851218,126.7469375,"{""type"":""Polygon"",""coordinates"":[[[126.74873414,37.34851218],[126.74869961,37.34823355],[126.74859738,37.34796561],[126.74843135,37.34771869],[126.74820791,37.34750225],[126.74793566,37.34732463],[126.74762505,37.34719264],[126.74728801,37.34711136],[126.7469375,37.34708392],[126.746587,37.34711136],[126.74624996,37.34719264],[126.74593935,37.34732463],[126.7456671,37.34750225],[126.74544366,37.34771869],[126.74527763,37.34796561],[126.7451754,37.34823355],[126.74514087,37.34851218],[126.7451754,37.34879082],[126.74527763,37.34905875],[126.74544366,37.34930567],[126.7456671,37.3495221],[126.74593935,37.34969972],[126.74624996,37.3498317],[126.746587,37.34991298],[126.7469375,37.34994042],[126.74728801,37.34991298],[126.74762505,37.3498317],[126.74793566,37.34969972],[126.74820791,37.3495221],[126.74843135,37.34930567],[126.74859738,37.34905875],[126.74869961,37.34879082],[126.74873414,37.34851218]]]}"
안산시,단원구,2022,자전거사고다발지,6813190,2023016,4127310100,41273001,경기도 안산시 단원구1,경기도 안산시 단원구 고잔동(송호초교사거리 부근),5,6,0,2,4,0,37.31281407,126.8366721,"{""type"":""Polygon"",""coordinates"":[[[126.83846873,37.31281407],[126.83843421,37.3125353],[126.83833197,37.31226724],[126.83816595,37.3120202],[126.83794251,37.31180366],[126.83767026,37.31162595],[126.83735964,37.3114939],[126.83702261,37.31141259],[126.8366721,37.31138513],[126.8363216,37.31141259],[126.83598456,37.3114939],[126.83567395,37.31162595],[126.83540169,37.31180366],[126.83517826,37.3120202],[126.83501223,37.31226724],[126.83490999,37.3125353],[126.83487547,37.31281407],[126.83490999,37.31309284],[126.83501223,37.3133609],[126.83517826,37.31360794],[126.83540169,37.31382447],[126.83567395,37.31400217],[126.83598456,37.31413422],[126.8363216,37.31421553],[126.8366721,37.31424299],[126.83702261,37.31421553],[126.83735964,37.31413422],[126.83767026,37.31400217],[126.83794251,37.31382447],[126.83816595,37.31360794],[126.83833197,37.3133609],[126.83843421,37.31309284],[126.83846873,37.31281407]]]}"
안산시,단원구,2022,자전거사고다발지,6813099,2023016,4127310700,41273002,경기도 안산시 단원구2,경기도 안산시 단원구 초지동(화정교 부근),4,4,0,4,0,0,37.31786529,126.8213917,"{""type"":""Polygon"",""coordinates"":[[[126.82318835,37.31786529],[126.82315383,37.31758653],[126.82305159,37.31731849],[126.82288556,37.31707147],[126.82266213,37.31685494],[126.82238987,37.31667725],[126.82207926,37.31654521],[126.82174222,37.3164639],[126.82139172,37.31643644],[126.82104121,37.3164639],[126.82070418,37.31654521],[126.82039356,37.31667725],[126.82012131,37.31685494],[126.81989787,37.31707147],[126.81973185,37.31731849],[126.81962961,37.31758653],[126.81959509,37.31786529],[126.81962961,37.31814404],[126.81973185,37.31841207],[126.81989787,37.3186591],[126.82012131,37.31887562],[126.82039356,37.31905331],[126.82070418,37.31918534],[126.82104121,37.31926665],[126.82139172,37.31929411],[126.82174222,37.31926665],[126.82207926,37.31918534],[126.82238987,37.31905331],[126.82266213,37.31887562],[126.82288556,37.3186591],[126.82305159,37.31841207],[126.82315383,37.31814404],[126.82318835,37.31786529]]]}"
안산시,단원구,2022,자전거사고다발지,6813113,2023016,4127310100,41273003,경기도 안산시 단원구3,경기도 안산시 단원구 고잔동(한양빌딩사거리 부근),4,6,0,3,2,1,37.31710424,126.8302015,"{""type"":""Polygon"",""coordinates"":[[[126.83199812,37.31710424],[126.8319636,37.31682549],[126.83186136,37.31655744],[126.83169533,37.31631041],[126.8314719,37.31609389],[126.83119964,37.31591619],[126.83088903,37.31578415],[126.830552,37.31570284],[126.83020149,37.31567538],[126.82985099,37.31570284],[126.82951395,37.31578415],[126.82920334,37.31591619],[126.82893108,37.31609389],[126.82870765,37.31631041],[126.82854162,37.31655744],[126.82843938,37.31682549],[126.82840486,37.31710424],[126.82843938,37.317383],[126.82854162,37.31765104],[126.82870765,37.31789806],[126.82893108,37.31811458],[126.82920334,37.31829228],[126.82951395,37.31842431],[126.82985099,37.31850562],[126.83020149,37.31853307],[126.830552,37.31850562],[126.83088903,37.31842431],[126.83119964,37.31829228],[126.8314719,37.31811458],[126.83169533,37.31789806],[126.83186136,37.31765104],[126.8319636,37.317383],[126.83199812,37.31710424]]]}"
안산시,단원구,2022,자전거사고다발지,6813091,2023016,4127310800,41273004,경기도 안산시 단원구4,경기도 안산시 단원구 원곡동(연수원사거리 부근),4,4,0,3,1,0,37.3234234,126.800687,"{""type"":""Polygon"",""coordinates"":[[[126.80248363,37.3234234],[126.80244911,37.32314467],[126.80234687,37.32287665],[126.80218084,37.32262964],[126.80195741,37.32241314],[126.80168515,37.32223545],[126.80137454,37.32210342],[126.8010375,37.32202212],[126.800687,37.32199466],[126.80033649,37.32202212],[126.79999946,37.32210342],[126.79968884,37.32223545],[126.79941659,37.32241314],[126.79919315,37.32262964],[126.79902713,37.32287665],[126.79892489,37.32314467],[126.79889037,37.3234234],[126.79892489,37.32370213],[126.79902713,37.32397015],[126.79919315,37.32421716],[126.79941659,37.32443366],[126.79968884,37.32461134],[126.79999946,37.32474336],[126.80033649,37.32482467],[126.800687,37.32485212],[126.8010375,37.32482467],[126.80137454,37.32474336],[126.80168515,37.32461134],[126.80195741,37.32443366],[126.80218084,37.32421716],[126.80234687,37.32397015],[126.80244911,37.32370213],[126.80248363,37.3234234]]]}"
안산시,단원구,2022,자전거사고다발지,6814028,2023016,4127310300,41273005,경기도 안산시 단원구5,경기도 안산시 단원구 신길동(휴먼시아2단지 부근),4,4,0,2,2,0,37.33457244,126.7769942,"{""type"":""Polygon"",""coordinates"":[[[126.77879084,37.33457244],[126.77875632,37.33429375],[126.77865408,37.33402577],[126.77848806,37.3337788],[126.77826462,37.33356232],[126.77799237,37.33338466],[126.77768175,37.33325265],[126.77734472,37.33317136],[126.77699421,37.33314391],[126.77664371,37.33317136],[126.77630667,37.33325265],[126.77599606,37.33338466],[126.7757238,37.33356232],[126.77550037,37.3337788],[126.77533434,37.33402577],[126.7752321,37.33429375],[126.77519758,37.33457244],[126.7752321,37.33485113],[126.77533434,37.33511911],[126.77550037,37.33536608],[126.7757238,37.33558255],[126.77599606,37.3357602],[126.77630667,37.3358922],[126.77664371,37.33597349],[126.77699421,37.33600094],[126.77734472,37.33597349],[126.77768175,37.3358922],[126.77799237,37.3357602],[126.77826462,37.33558255],[126.77848806,37.33536608],[126.77865408,37.33511911],[126.77875632,37.33485113],[126.77879084,37.33457244]]]}"
안산시,단원구,2022,자전거사고다발지,6813196,2023016,4127310100,41273006,경기도 안산시 단원구6,경기도 안산시 단원구 고잔동(화정11교 부근),4,5,0,1,3,1,37.31570209,126.8214112,"{""type"":""Polygon"",""coordinates"":[[[126.8232078,37.31570209],[126.82317327,37.31542333],[126.82307103,37.31515528],[126.82290501,37.31490825],[126.82268157,37.31469172],[126.82240932,37.31451402],[126.82209871,37.31438197],[126.82176167,37.31430066],[126.82141116,37.3142732],[126.82106066,37.31430066],[126.82072362,37.31438197],[126.82041301,37.31451402],[126.82014076,37.31469172],[126.81991732,37.31490825],[126.81975129,37.31515528],[126.81964906,37.31542333],[126.81961453,37.31570209],[126.81964906,37.31598085],[126.81975129,37.3162489],[126.81991732,37.31649593],[126.82014076,37.31671245],[126.82041301,37.31689015],[126.82072362,37.31702219],[126.82106066,37.3171035],[126.82141116,37.31713095],[126.82176167,37.3171035],[126.82209871,37.31702219],[126.82240932,37.31689015],[126.82268157,37.31671245],[126.82290501,37.31649593],[126.82307103,37.3162489],[126.82317327,37.31598085],[126.8232078,37.31570209]]]}"
안산시,단원구,2022,자전거사고다발지,6813076,2023016,4127310700,41273007,경기도 안산시 단원구7,경기도 안산시 단원구 초지동(단원병원입구사거리 부근),4,4,0,1,3,0,37.29862398,126.8141178,"{""type"":""Polygon"",""coordinates"":[[[126.81591445,37.29862398],[126.81587993,37.29834516],[126.81577769,37.29807705],[126.81561166,37.29782996],[126.81538823,37.29761338],[126.81511597,37.29743564],[126.81480536,37.29730356],[126.81446832,37.29722223],[126.81411782,37.29719477],[126.81376731,37.29722223],[126.81343028,37.29730356],[126.81311966,37.29743564],[126.81284741,37.29761338],[126.81262397,37.29782996],[126.81245795,37.29807705],[126.81235571,37.29834516],[126.81232119,37.29862398],[126.81235571,37.2989028],[126.81245795,37.29917091],[126.81262397,37.299418],[126.81284741,37.29963457],[126.81311966,37.29981231],[126.81343028,37.29994438],[126.81376731,37.30002571],[126.81411782,37.30005317],[126.81446832,37.30002571],[126.81480536,37.29994438],[126.81511597,37.29981231],[126.81538823,37.29963457],[126.81561166,37.299418],[126.81577769,37.29917091],[126.81587993,37.2989028],[126.81591445,37.29862398]]]}"
안산시,단원구,2022,자전거사고다발지,6813131,2023016,4127310100,41273008,경기도 안산시 단원구8,경기도 안산시 단원구 고잔동(호수공원사거리 부근),4,4,0,1,3,0,37.304662,126.8296348,"{""type"":""Polygon"",""coordinates"":[[[126.83143146,37.304662],[126.83139694,37.3043832],[126.8312947,37.30411511],[126.83112867,37.30386804],[126.83090524,37.30365148],[126.83063298,37.30347375],[126.83032237,37.30334169],[126.82998533,37.30326036],[126.82963483,37.3032329],[126.82928432,37.30326036],[126.82894729,37.30334169],[126.82863667,37.30347375],[126.82836442,37.30365148],[126.82814098,37.30386804],[126.82797496,37.30411511],[126.82787272,37.3043832],[126.8278382,37.304662],[126.82787272,37.3049408],[126.82797496,37.30520889],[126.82814098,37.30545595],[126.82836442,37.30567251],[126.82863667,37.30585023],[126.82894729,37.30598229],[126.82928432,37.30606361],[126.82963483,37.30609107],[126.82998533,37.30606361],[126.83032237,37.30598229],[126.83063298,37.30585023],[126.83090524,37.30567251],[126.83112867,37.30545595],[126.8312947,37.30520889],[126.83139694,37.3049408],[126.83143146,37.304662]]]}"
안산시,단원구,2022,자전거사고다발지,6813098,2023016,4127310700,41273009,경기도 안산시 단원구9,경기도 안산시 단원구 초지동(초지고교삼거리 부근),4,4,0,1,2,1,37.3088716,126.8092852,"{""type"":""Polygon"",""coordinates"":[[[126.81108185,37.3088716],[126.81104733,37.30859281],[126.81094509,37.30832474],[126.81077906,37.30807768],[126.81055563,37.30786113],[126.81028338,37.30768342],[126.80997276,37.30755136],[126.80963573,37.30747004],[126.80928522,37.30744258],[126.80893472,37.30747004],[126.80859768,37.30755136],[126.80828707,37.30768342],[126.80801481,37.30786113],[126.80779138,37.30807768],[126.80762535,37.30832474],[126.80752311,37.30859281],[126.80748859,37.3088716],[126.80752311,37.30915038],[126.80762535,37.30941845],[126.80779138,37.30966551],[126.80801481,37.30988205],[126.80828707,37.31005976],[126.80859768,37.31019181],[126.80893472,37.31027313],[126.80928522,37.31030059],[126.80963573,37.31027313],[126.80997276,37.31019181],[126.81028338,37.31005976],[126.81055563,37.30988205],[126.81077906,37.30966551],[126.81094509,37.30941845],[126.81104733,37.30915038],[126.81108185,37.3088716]]]}"
안산시,상록구,2022,자전거사고다발지,6814027,2023016,4127110300,41271001,경기도 안산시 상록구1,경기도 안산시 상록구 사동(용신1교 부근),4,4,0,0,4,0,37.29373748,126.8579663,"{""type"":""Polygon"",""coordinates"":[[[126.85976289,37.29373748],[126.85972837,37.29345864],[126.85962613,37.29319051],[126.8594601,37.2929434],[126.85923667,37.29272681],[126.85896442,37.29254906],[126.8586538,37.29241697],[126.85831677,37.29233564],[126.85796626,37.29230817],[126.85761576,37.29233564],[126.85727872,37.29241697],[126.85696811,37.29254906],[126.85669585,37.29272681],[126.85647242,37.2929434],[126.85630639,37.29319051],[126.85620415,37.29345864],[126.85616963,37.29373748],[126.85620415,37.29401632],[126.85630639,37.29428444],[126.85647242,37.29453154],[126.85669585,37.29474813],[126.85696811,37.29492588],[126.85727872,37.29505796],[126.85761576,37.29513929],[126.85796626,37.29516675],[126.85831677,37.29513929],[126.8586538,37.29505796],[126.85896442,37.29492588],[126.85923667,37.29474813],[126.8594601,37.29453154],[126.85962613,37.29428444],[126.85972837,37.29401632],[126.85976289,37.29373748]]]}"
안산시,상록구,2022,자전거사고다발지,6813116,2023016,4127110200,41271002,경기도 안산시 상록구2,경기도 안산시 상록구 이동(단원미술관사거리 부근),3,4,1,2,1,0,37.31531164,126.8481614,"{""type"":""Polygon"",""coordinates"":[[[126.84995805,37.31531164],[126.84992353,37.31503288],[126.84982129,37.31476483],[126.84965526,37.3145178],[126.84943183,37.31430127],[126.84915957,37.31412356],[126.84884896,37.31399152],[126.84851192,37.31391021],[126.84816142,37.31388275],[126.84781091,37.31391021],[126.84747388,37.31399152],[126.84716326,37.31412356],[126.84689101,37.31430127],[126.84666758,37.3145178],[126.84650155,37.31476483],[126.84639931,37.31503288],[126.84636479,37.31531164],[126.84639931,37.3155904],[126.84650155,37.31585845],[126.84666758,37.31610548],[126.84689101,37.31632201],[126.84716326,37.31649971],[126.84747388,37.31663175],[126.84781091,37.31671306],[126.84816142,37.31674051],[126.84851192,37.31671306],[126.84884896,37.31663175],[126.84915957,37.31649971],[126.84943183,37.31632201],[126.84965526,37.31610548],[126.84982129,37.31585845],[126.84992353,37.3155904],[126.84995805,37.31531164]]]}"
양주시,고암동,2022,자전거사고다발지,6814032,2023016,4163011500,41630001,경기도 양주시1,경기도 양주시 고암동(굴사냥고암점 부근),3,3,1,2,0,0,37.83089591,127.0658511,"{""type"":""Polygon"",""coordinates"":[[[127.0676477,37.83089591],[127.06761318,37.83061907],[127.06751094,37.83035287],[127.06734492,37.83010753],[127.06712148,37.8298925],[127.06684923,37.82971602],[127.06653861,37.82958489],[127.06620158,37.82950414],[127.06585107,37.82947687],[127.06550057,37.82950414],[127.06516353,37.82958489],[127.06485292,37.82971602],[127.06458066,37.8298925],[127.06435723,37.83010753],[127.0641912,37.83035287],[127.06408896,37.83061907],[127.06405444,37.83089591],[127.06408896,37.83117274],[127.0641912,37.83143894],[127.06435723,37.83168427],[127.06458066,37.8318993],[127.06485292,37.83207577],[127.06516353,37.8322069],[127.06550057,37.83228765],[127.06585107,37.83231491],[127.06620158,37.83228765],[127.06653861,37.8322069],[127.06684923,37.83207577],[127.06712148,37.8318993],[127.06734492,37.83168427],[127.06751094,37.83143894],[127.06761318,37.83117274],[127.0676477,37.83089591]]]}"
오산시,가수동,2022,자전거사고다발지,6813083,2023016,4137012100,41370001,경기도 오산시1,경기도 오산시 가수동(남촌대교 부근),5,6,0,1,5,0,37.14971788,127.0620797,"{""type"":""Polygon"",""coordinates"":[[[127.06387633,37.14971788],[127.06384181,37.1494385],[127.06373957,37.14916986],[127.06357354,37.14892228],[127.06335011,37.14870528],[127.06307786,37.14852718],[127.06276724,37.14839485],[127.06243021,37.14831336],[127.0620797,37.14828584],[127.0617292,37.14831336],[127.06139216,37.14839485],[127.06108155,37.14852718],[127.06080929,37.14870528],[127.06058586,37.14892228],[127.06041983,37.14916986],[127.06031759,37.1494385],[127.06028307,37.14971788],[127.06031759,37.14999725],[127.06041983,37.15026589],[127.06058586,37.15051346],[127.06080929,37.15073046],[127.06108155,37.15090855],[127.06139216,37.15104088],[127.0617292,37.15112237],[127.0620797,37.15114988],[127.06243021,37.15112237],[127.06276724,37.15104088],[127.06307786,37.15090855],[127.06335011,37.15073046],[127.06357354,37.15051346],[127.06373957,37.15026589],[127.06384181,37.14999725],[127.06387633,37.14971788]]]}"
의정부시,의정부동,2022,자전거사고다발지,6813245,2023016,4115010100,41150001,경기도 의정부시1,경기도 의정부시 의정부동(보건소입구교차로 부근),4,4,0,2,1,1,37.73804798,127.040251,"{""type"":""Polygon"",""coordinates"":[[[127.04204764,37.73804798],[127.04201312,37.73777079],[127.04191088,37.73750426],[127.04174486,37.73725862],[127.04152142,37.73704331],[127.04124917,37.73686661],[127.04093856,37.73673531],[127.04060152,37.73665446],[127.04025101,37.73662716],[127.03990051,37.73665446],[127.03956347,37.73673531],[127.03925286,37.73686661],[127.0389806,37.73704331],[127.03875717,37.73725862],[127.03859114,37.73750426],[127.03848891,37.73777079],[127.03845438,37.73804798],[127.03848891,37.73832516],[127.03859114,37.7385917],[127.03875717,37.73883733],[127.0389806,37.73905263],[127.03925286,37.73922933],[127.03956347,37.73936062],[127.03990051,37.73944147],[127.04025101,37.73946877],[127.04060152,37.73944147],[127.04093856,37.73936062],[127.04124917,37.73922933],[127.04152142,37.73905263],[127.04174486,37.73883733],[127.04191088,37.7385917],[127.04201312,37.73832516],[127.04204764,37.73804798]]]}"
의정부시,의정부동,2022,자전거사고다발지,6813154,2023016,4115010100,41150002,경기도 의정부시2,경기도 의정부시 의정부동(양주교 부근),4,5,0,1,2,2,37.74512918,127.0534874,"{""type"":""Polygon"",""coordinates"":[[[127.05528405,37.74512918],[127.05524953,37.74485202],[127.05514729,37.74458551],[127.05498127,37.74433989],[127.05475783,37.74412461],[127.05448558,37.74394793],[127.05417497,37.74381664],[127.05383793,37.74373579],[127.05348742,37.7437085],[127.05313692,37.74373579],[127.05279988,37.74381664],[127.05248927,37.74394793],[127.05221701,37.74412461],[127.05199358,37.74433989],[127.05182755,37.74458551],[127.05172532,37.74485202],[127.05169079,37.74512918],[127.05172532,37.74540634],[127.05182755,37.74567285],[127.05199358,37.74591846],[127.05221701,37.74613374],[127.05248927,37.74631041],[127.05279988,37.7464417],[127.05313692,37.74652254],[127.05348742,37.74654984],[127.05383793,37.74652254],[127.05417497,37.7464417],[127.05448558,37.74631041],[127.05475783,37.74613374],[127.05498127,37.74591846],[127.05514729,37.74567285],[127.05524953,37.74540634],[127.05528405,37.74512918]]]}"
의정부시,신곡동,2022,자전거사고다발지,6813108,2023016,4115010400,41150003,경기도 의정부시3,경기도 의정부시 신곡동(케이마트 신곡점 부근),4,4,0,1,1,2,37.73596656,127.0617139,"{""type"":""Polygon"",""coordinates"":[[[127.06351052,37.73596656],[127.063476,37.73568937],[127.06337376,37.73542282],[127.06320774,37.73517718],[127.0629843,37.73496186],[127.06271205,37.73478516],[127.06240143,37.73465386],[127.0620644,37.734573],[127.06171389,37.7345457],[127.06136339,37.734573],[127.06102635,37.73465386],[127.06071574,37.73478516],[127.06044348,37.73496186],[127.06022005,37.73517718],[127.06005402,37.73542282],[127.05995178,37.73568937],[127.05991726,37.73596656],[127.05995178,37.73624375],[127.06005402,37.73651029],[127.06022005,37.73675594],[127.06044348,37.73697124],[127.06071574,37.73714794],[127.06102635,37.73727924],[127.06136339,37.73736009],[127.06171389,37.73738739],[127.0620644,37.73736009],[127.06240143,37.73727924],[127.06271205,37.73714794],[127.0629843,37.73697124],[127.06320774,37.73675594],[127.06337376,37.73651029],[127.063476,37.73624375],[127.06351052,37.73596656]]]}"
의정부시,의정부동,2022,자전거사고다발지,6813248,2023016,4115010100,41150004,경기도 의정부시4,경기도 의정부시 의정부동(마운티아 의정부제일점 부근),4,4,0,0,2,2,37.74106945,127.0524903,"{""type"":""Polygon"",""coordinates"":[[[127.05428694,37.74106945],[127.05425242,37.74079227],[127.05415018,37.74052575],[127.05398416,37.74028012],[127.05376072,37.74006482],[127.05348847,37.73988813],[127.05317785,37.73975684],[127.05284082,37.73967598],[127.05249031,37.73964869],[127.05213981,37.73967598],[127.05180277,37.73975684],[127.05149216,37.73988813],[127.0512199,37.74006482],[127.05099647,37.74028012],[127.05083044,37.74052575],[127.0507282,37.74079227],[127.05069368,37.74106945],[127.0507282,37.74134662],[127.05083044,37.74161314],[127.05099647,37.74185877],[127.0512199,37.74207406],[127.05149216,37.74225075],[127.05180277,37.74238204],[127.05213981,37.74246288],[127.05249031,37.74249018],[127.05284082,37.74246288],[127.05317785,37.74238204],[127.05348847,37.74225075],[127.05376072,37.74207406],[127.05398416,37.74185877],[127.05415018,37.74161314],[127.05425242,37.74134662],[127.05428694,37.74106945]]]}"
의정부시,가능동,2022,자전거사고다발지,6813172,2023016,4115011000,41150005,경기도 의정부시5,경기도 의정부시 가능동(신촌건널목교차로 부근),3,3,1,0,2,0,37.75126897,127.0330178,"{""type"":""Polygon"",""coordinates"":[[[127.03481438,37.75126897],[127.03477986,37.75099184],[127.03467762,37.75072535],[127.0345116,37.75047975],[127.03428816,37.75026448],[127.03401591,37.75008782],[127.03370529,37.74995654],[127.03336826,37.7498757],[127.03301775,37.74984841],[127.03266725,37.7498757],[127.03233021,37.74995654],[127.0320196,37.75008782],[127.03174734,37.75026448],[127.03152391,37.75047975],[127.03135788,37.75072535],[127.03125564,37.75099184],[127.03122112,37.75126897],[127.03125564,37.75154611],[127.03135788,37.75181259],[127.03152391,37.75205819],[127.03174734,37.75227345],[127.0320196,37.75245011],[127.03233021,37.75258138],[127.03266725,37.75266222],[127.03301775,37.75268951],[127.03336826,37.75266222],[127.03370529,37.75258138],[127.03401591,37.75245011],[127.03428816,37.75227345],[127.0345116,37.75205819],[127.03467762,37.75181259],[127.03477986,37.75154611],[127.03481438,37.75126897]]]}"
파주시,야당동,2022,자전거사고다발지,6813209,2023016,4148010800,41480001,경기도 파주시1,경기도 파주시 야당동(한빛마을502동 앞 부근),4,4,0,1,2,1,37.71661415,126.7602462,"{""type"":""Polygon"",""coordinates"":[[[126.76204283,37.71661415],[126.76200831,37.71633688],[126.76190607,37.71607027],[126.76174005,37.71582456],[126.76151661,37.71560919],[126.76124436,37.71543244],[126.76093374,37.7153011],[126.76059671,37.71522022],[126.7602462,37.71519291],[126.7598957,37.71522022],[126.75955866,37.7153011],[126.75924805,37.71543244],[126.75897579,37.71560919],[126.75875236,37.71582456],[126.75858633,37.71607027],[126.75848409,37.71633688],[126.75844957,37.71661415],[126.75848409,37.71689141],[126.75858633,37.71715802],[126.75875236,37.71740373],[126.75897579,37.71761909],[126.75924805,37.71779584],[126.75955866,37.71792717],[126.7598957,37.71800804],[126.7602462,37.71803535],[126.76059671,37.71800804],[126.76093374,37.71792717],[126.76124436,37.71779584],[126.76151661,37.71761909],[126.76174005,37.71740373],[126.76190607,37.71715802],[126.76200831,37.71689141],[126.76204283,37.71661415]]]}"
평택시,비전동,2022,자전거사고다발지,6814025,2023016,4122011800,41220001,경기도 평택시1,경기도 평택시 비전동(덕동사거리 부근),6,7,0,2,3,2,36.9991609,127.1041255,"{""type"":""Polygon"",""coordinates"":[[[127.10592215,36.9991609],[127.10588762,36.99888097],[127.10578538,36.99861179],[127.10561936,36.99836372],[127.10539592,36.99814628],[127.10512367,36.99796784],[127.10481306,36.99783524],[127.10447602,36.99775359],[127.10412551,36.99772601],[127.10377501,36.99775359],[127.10343797,36.99783524],[127.10312736,36.99796784],[127.1028551,36.99814628],[127.10263167,36.99836372],[127.10246564,36.99861179],[127.10236341,36.99888097],[127.10232888,36.9991609],[127.10236341,36.99944083],[127.10246564,36.99971],[127.10263167,36.99995806],[127.1028551,37.0001755],[127.10312736,37.00035394],[127.10343797,37.00048653],[127.10377501,37.00056818],[127.10412551,37.00059575],[127.10447602,37.00056818],[127.10481306,37.00048653],[127.10512367,37.00035394],[127.10539592,37.0001755],[127.10561936,36.99995806],[127.10578538,36.99971],[127.10588762,36.99944083],[127.10592215,36.9991609]]]}"
평택시,지산동,2022,자전거사고다발지,6814026,2023016,4122011000,41220002,경기도 평택시2,경기도 평택시 지산동(지산사거리 부근),4,5,0,2,3,0,37.08051013,127.0634436,"{""type"":""Polygon"",""coordinates"":[[[127.06524026,37.08051013],[127.06520574,37.0802305],[127.0651035,37.07996162],[127.06493747,37.07971381],[127.06471404,37.07949661],[127.06444179,37.07931835],[127.06413117,37.0791859],[127.06379414,37.07910433],[127.06344363,37.07907679],[127.06309313,37.07910433],[127.06275609,37.0791859],[127.06244548,37.07931835],[127.06217322,37.07949661],[127.06194979,37.07971381],[127.06178376,37.07996162],[127.06168152,37.0802305],[127.061647,37.08051013],[127.06168152,37.08078976],[127.06178376,37.08105864],[127.06194979,37.08130645],[127.06217322,37.08152365],[127.06244548,37.0817019],[127.06275609,37.08183435],[127.06309313,37.08191591],[127.06344363,37.08194345],[127.06379414,37.08191591],[127.06413117,37.08183435],[127.06444179,37.0817019],[127.06471404,37.08152365],[127.06493747,37.08130645],[127.0651035,37.08105864],[127.06520574,37.08078976],[127.06524026,37.08051013]]]}"
수원시,장안구,2022,자전거사고다발지,6813197,2023016,4111113400,41111001,경기도 수원시 장안구1,경기도 수원시 장안구 영화동(화홍초교 부근),4,5,0,0,2,3,37.28767694,127.004761,"{""type"":""Polygon"",""coordinates"":[[[127.00655767,37.28767694],[127.00652315,37.28739807],[127.00642091,37.28712992],[127.00625488,37.2868828],[127.00603145,37.28666619],[127.0057592,37.28648842],[127.00544858,37.28635633],[127.00511155,37.28627498],[127.00476104,37.28624752],[127.00441054,37.28627498],[127.0040735,37.28635633],[127.00376289,37.28648842],[127.00349063,37.28666619],[127.0032672,37.2868828],[127.00310117,37.28712992],[127.00299893,37.28739807],[127.00296441,37.28767694],[127.00299893,37.2879558],[127.00310117,37.28822394],[127.0032672,37.28847107],[127.00349063,37.28868767],[127.00376289,37.28886543],[127.0040735,37.28899752],[127.00441054,37.28907886],[127.00476104,37.28910633],[127.00511155,37.28907886],[127.00544858,37.28899752],[127.0057592,37.28886543],[127.00603145,37.28868767],[127.00625488,37.28847107],[127.00642091,37.28822394],[127.00652315,37.2879558],[127.00655767,37.28767694]]]}"
고양시,덕양구,2022,자전거사고다발지,6813077,2023016,4128113100,41281001,경기도 고양시 덕양구1,경기도 고양시 덕양구 덕은동(덕은생태공원 자전거도로 부근),4,6,0,2,1,3,37.58114902,126.8529858,"{""type"":""Polygon"",""coordinates"":[[[126.85478243,37.58114902],[126.85474791,37.58087125],[126.85464567,37.58060415],[126.85447964,37.58035799],[126.85425621,37.58014223],[126.85398395,37.57996516],[126.85367334,37.57983358],[126.8533363,37.57975256],[126.8529858,37.5797252],[126.85263529,37.57975256],[126.85229826,37.57983358],[126.85198764,37.57996516],[126.85171539,37.58014223],[126.85149195,37.58035799],[126.85132593,37.58060415],[126.85122369,37.58087125],[126.85118917,37.58114902],[126.85122369,37.5814268],[126.85132593,37.58169389],[126.85149195,37.58194005],[126.85171539,37.5821558],[126.85198764,37.58233287],[126.85229826,37.58246444],[126.85263529,37.58254547],[126.8529858,37.58257282],[126.8533363,37.58254547],[126.85367334,37.58246444],[126.85398395,37.58233287],[126.85425621,37.5821558],[126.85447964,37.58194005],[126.85464567,37.58169389],[126.85474791,37.5814268],[126.85478243,37.58114902]]]}"
고양시,일산동구,2022,자전거사고다발지,6813164,2023016,4128510400,41285001,경기도 고양시 일산동구1,경기도 고양시 일산동구 장항동(신세계주유소 삼거리 부근),4,4,0,2,2,0,37.64425157,126.7769469,"{""type"":""Polygon"",""coordinates"":[[[126.77874356,37.64425157],[126.77870904,37.64397403],[126.7786068,37.64370716],[126.77844077,37.64346121],[126.77821734,37.64324563],[126.77794508,37.64306871],[126.77763447,37.64293724],[126.77729743,37.64285629],[126.77694693,37.64282895],[126.77659642,37.64285629],[126.77625939,37.64293724],[126.77594877,37.64306871],[126.77567652,37.64324563],[126.77545308,37.64346121],[126.77528706,37.64370716],[126.77518482,37.64397403],[126.7751503,37.64425157],[126.77518482,37.64452911],[126.77528706,37.64479598],[126.77545308,37.64504192],[126.77567652,37.6452575],[126.77594877,37.64543441],[126.77625939,37.64556587],[126.77659642,37.64564683],[126.77694693,37.64567416],[126.77729743,37.64564683],[126.77763447,37.64556587],[126.77794508,37.64543441],[126.77821734,37.6452575],[126.77844077,37.64504192],[126.7786068,37.64479598],[126.77870904,37.64452911],[126.77874356,37.64425157]]]}"
고양시,일산서구,2022,자전거사고다발지,6813110,2023016,4128710100,41287001,경기도 고양시 일산서구1,경기도 고양시 일산서구 일산동(일산지하차도 부근),4,5,0,2,3,0,37.68715145,126.7618999,"{""type"":""Polygon"",""coordinates"":[[[126.76369657,37.68715145],[126.76366205,37.68687408],[126.76355981,37.68660736],[126.76339379,37.68636155],[126.76317035,37.6861461],[126.7628981,37.68596928],[126.76258748,37.68583789],[126.76225045,37.68575698],[126.76189994,37.68572966],[126.76154944,37.68575698],[126.7612124,37.68583789],[126.76090179,37.68596928],[126.76062953,37.6861461],[126.7604061,37.68636155],[126.76024007,37.68660736],[126.76013784,37.68687408],[126.76010331,37.68715145],[126.76013784,37.68742883],[126.76024007,37.68769555],[126.7604061,37.68794135],[126.76062953,37.6881568],[126.76090179,37.68833361],[126.7612124,37.688465],[126.76154944,37.6885459],[126.76189994,37.68857322],[126.76225045,37.6885459],[126.76258748,37.688465],[126.7628981,37.68833361],[126.76317035,37.6881568],[126.76339379,37.68794135],[126.76355981,37.68769555],[126.76366205,37.68742883],[126.76369657,37.68715145]]]}"
고양시,일산서구,2022,자전거사고다발지,6813186,2023016,4128710200,41287002,경기도 고양시 일산서구2,경기도 고양시 일산서구 주엽동(주엽역 부근),4,5,0,1,2,2,37.67011117,126.7610482,"{""type"":""Polygon"",""coordinates"":[[[126.76284487,37.67011117],[126.76281035,37.66983373],[126.76270811,37.66956695],[126.76254209,37.66932108],[126.76231865,37.66910558],[126.7620464,37.66892872],[126.76173578,37.6687973],[126.76139875,37.66871637],[126.76104824,37.66868905],[126.76069774,37.66871637],[126.7603607,37.6687973],[126.76005009,37.66892872],[126.75977783,37.66910558],[126.7595544,37.66932108],[126.75938837,37.66956695],[126.75928613,37.66983373],[126.75925161,37.67011117],[126.75928613,37.67038861],[126.75938837,37.67065538],[126.7595544,37.67090125],[126.75977783,37.67111675],[126.76005009,37.6712936],[126.7603607,37.67142502],[126.76069774,37.67150594],[126.76104824,37.67153326],[126.76139875,37.67150594],[126.76173578,37.67142502],[126.7620464,37.6712936],[126.76231865,37.67111675],[126.76254209,37.67090125],[126.76270811,37.67065538],[126.76281035,37.67038861],[126.76284487,37.67011117]]]}"
고양시,일산서구,2022,자전거사고다발지,6813260,2023016,4128710200,41287003,경기도 고양시 일산서구3,경기도 고양시 일산서구 주엽동(강선마을사거리 부근),4,4,0,0,3,1,37.66877204,126.7631025,"{""type"":""Polygon"",""coordinates"":[[[126.76489914,37.66877204],[126.76486462,37.66849459],[126.76476238,37.66822781],[126.76459635,37.66798194],[126.76437292,37.66776643],[126.76410066,37.66758957],[126.76379005,37.66745815],[126.76345301,37.66737722],[126.76310251,37.66734989],[126.762752,37.66737722],[126.76241497,37.66745815],[126.76210435,37.66758957],[126.7618321,37.66776643],[126.76160866,37.66798194],[126.76144264,37.66822781],[126.7613404,37.66849459],[126.76130588,37.66877204],[126.7613404,37.66904948],[126.76144264,37.66931626],[126.76160866,37.66956213],[126.7618321,37.66977763],[126.76210435,37.66995449],[126.76241497,37.67008591],[126.762752,37.67016684],[126.76310251,37.67019416],[126.76345301,37.67016684],[126.76379005,37.67008591],[126.76410066,37.66995449],[126.76437292,37.66977763],[126.76459635,37.66956213],[126.76476238,37.66931626],[126.76486462,37.66904948],[126.76489914,37.66877204]]]}"
구리시,교문동,2022,자전거사고다발지,6813226,2023016,4131010400,41310001,경기도 구리시1,경기도 구리시 교문동(한성아파트앞사거리 부근),4,5,0,1,3,1,37.59264358,127.1383363,"{""type"":""Polygon"",""coordinates"":[[[127.14013292,37.59264358],[127.1400984,37.59236585],[127.13999616,37.59209879],[127.13983013,37.59185267],[127.1396067,37.59163694],[127.13933444,37.5914599],[127.13902383,37.59132834],[127.13868679,37.59124733],[127.13833629,37.59121998],[127.13798578,37.59124733],[127.13764875,37.59132834],[127.13733813,37.5914599],[127.13706588,37.59163694],[127.13684244,37.59185267],[127.13667642,37.59209879],[127.13657418,37.59236585],[127.13653966,37.59264358],[127.13657418,37.59292131],[127.13667642,37.59318837],[127.13684244,37.59343448],[127.13706588,37.59365021],[127.13733813,37.59382725],[127.13764875,37.5939588],[127.13798578,37.59403981],[127.13833629,37.59406716],[127.13868679,37.59403981],[127.13902383,37.5939588],[127.13933444,37.59382725],[127.1396067,37.59365021],[127.13983013,37.59343448],[127.13999616,37.59318837],[127.1400984,37.59292131],[127.14013292,37.59264358]]]}"
구리시,수택동,2022,자전거사고다발지,6813168,2023016,4131010500,41310002,경기도 구리시2,경기도 구리시 수택동(세무서사거리 부근),4,4,0,0,4,0,37.59804741,127.1369507,"{""type"":""Polygon"",""coordinates"":[[[127.13874737,37.59804741],[127.13871285,37.5977697],[127.13861061,37.59750267],[127.13844459,37.59725656],[127.13822115,37.59704085],[127.1379489,37.59686382],[127.13763828,37.59673227],[127.13730125,37.59665126],[127.13695074,37.59662391],[127.13660024,37.59665126],[127.1362632,37.59673227],[127.13595259,37.59686382],[127.13568033,37.59704085],[127.1354569,37.59725656],[127.13529087,37.59750267],[127.13518863,37.5977697],[127.13515411,37.59804741],[127.13518863,37.59832512],[127.13529087,37.59859216],[127.1354569,37.59883826],[127.13568033,37.59905396],[127.13595259,37.59923099],[127.1362632,37.59936253],[127.13660024,37.59944354],[127.13695074,37.59947089],[127.13730125,37.59944354],[127.13763828,37.59936253],[127.1379489,37.59923099],[127.13822115,37.59905396],[127.13844459,37.59883826],[127.13861061,37.59859216],[127.13871285,37.59832512],[127.13874737,37.59804741]]]}"
김포시,고촌읍,2022,자전거사고다발지,6813056,2023016,4157025300,41570001,경기도 김포시1,경기도 김포시 고촌읍(법률방송 앞 사거리 부근),10,15,0,7,8,0,37.59299376,126.7964731,"{""type"":""Polygon"",""coordinates"":[[[126.7982697,37.59299376],[126.79823518,37.59271604],[126.79813294,37.59244898],[126.79796691,37.59220286],[126.79774348,37.59198713],[126.79747123,37.59181009],[126.79716061,37.59167853],[126.79682358,37.59159752],[126.79647307,37.59157016],[126.79612257,37.59159752],[126.79578553,37.59167853],[126.79547492,37.59181009],[126.79520266,37.59198713],[126.79497923,37.59220286],[126.7948132,37.59244898],[126.79471096,37.59271604],[126.79467644,37.59299376],[126.79471096,37.59327149],[126.7948132,37.59353854],[126.79497923,37.59378466],[126.79520266,37.59400038],[126.79547492,37.59417742],[126.79578553,37.59430897],[126.79612257,37.59438998],[126.79647307,37.59441734],[126.79682358,37.59438998],[126.79716061,37.59430897],[126.79747123,37.59417742],[126.79774348,37.59400038],[126.79796691,37.59378466],[126.79813294,37.59353854],[126.79823518,37.59327149],[126.7982697,37.59299376]]]}"
김포시,운양동,2022,자전거사고다발지,6814031,2023016,4157010300,41570002,경기도 김포시2,경기도 김포시 운양동(한강로입구사거리 부근),7,7,0,1,6,0,37.65002336,126.6760808,"{""type"":""Polygon"",""coordinates"":[[[126.67787746,37.65002336],[126.67784294,37.64974584],[126.6777407,37.64947899],[126.67757468,37.64923306],[126.67735124,37.64901749],[126.67707899,37.64884059],[126.67676837,37.64870913],[126.67643134,37.64862818],[126.67608083,37.64860085],[126.67573033,37.64862818],[126.67539329,37.64870913],[126.67508268,37.64884059],[126.67481042,37.64901749],[126.67458699,37.64923306],[126.67442096,37.64947899],[126.67431873,37.64974584],[126.6742842,37.65002336],[126.67431873,37.65030087],[126.67442096,37.65056772],[126.67458699,37.65081365],[126.67481042,37.65102921],[126.67508268,37.65120611],[126.67539329,37.65133756],[126.67573033,37.65141851],[126.67608083,37.65144584],[126.67643134,37.65141851],[126.67676837,37.65133756],[126.67707899,37.65120611],[126.67735124,37.65102921],[126.67757468,37.65081365],[126.6777407,37.65056772],[126.67784294,37.65030087],[126.67787746,37.65002336]]]}"
김포시,구래동,2022,자전거사고다발지,6813069,2023016,4157010900,41570003,경기도 김포시3,경기도 김포시 구래동(한강메디프라자 부근),6,6,0,0,5,1,37.64566299,126.6259476,"{""type"":""Polygon"",""coordinates"":[[[126.6277442,37.64566299],[126.62770968,37.64538546],[126.62760744,37.6451186],[126.62744142,37.64487265],[126.62721798,37.64465707],[126.62694573,37.64448015],[126.62663511,37.64434869],[126.62629808,37.64426774],[126.62594757,37.6442404],[126.62559707,37.64426774],[126.62526003,37.64434869],[126.62494942,37.64448015],[126.62467716,37.64465707],[126.62445373,37.64487265],[126.6242877,37.6451186],[126.62418547,37.64538546],[126.62415094,37.64566299],[126.62418547,37.64594052],[126.6242877,37.64620739],[126.62445373,37.64645333],[126.62467716,37.6466689],[126.62494942,37.64684582],[126.62526003,37.64697727],[126.62559707,37.64705822],[126.62594757,37.64708556],[126.62629808,37.64705822],[126.62663511,37.64697727],[126.62694573,37.64684582],[126.62721798,37.6466689],[126.62744142,37.64645333],[126.62760744,37.64620739],[126.62770968,37.64594052],[126.6277442,37.64566299]]]}"
김포시,장기동,2022,자전거사고다발지,6813082,2023016,4157010400,41570004,경기도 김포시4,경기도 김포시 장기동(장기본행정복지센터 부근),4,7,0,0,7,0,37.65248556,126.6721196,"{""type"":""Polygon"",""coordinates"":[[[126.67391618,37.65248556],[126.67388166,37.65220806],[126.67377942,37.65194121],[126.67361339,37.65169529],[126.67338996,37.65147973],[126.67311771,37.65130283],[126.67280709,37.65117138],[126.67247006,37.65109044],[126.67211955,37.6510631],[126.67176905,37.65109044],[126.67143201,37.65117138],[126.6711214,37.65130283],[126.67084914,37.65147973],[126.67062571,37.65169529],[126.67045968,37.65194121],[126.67035744,37.65220806],[126.67032292,37.65248556],[126.67035744,37.65276307],[126.67045968,37.65302991],[126.67062571,37.65327583],[126.67084914,37.65349138],[126.6711214,37.65366828],[126.67143201,37.65379972],[126.67176905,37.65388067],[126.67211955,37.653908],[126.67247006,37.65388067],[126.67280709,37.65379972],[126.67311771,37.65366828],[126.67338996,37.65349138],[126.67361339,37.65327583],[126.67377942,37.65302991],[126.67388166,37.65276307],[126.67391618,37.65248556]]]}"
남양주시,와부읍,2022,자전거사고다발지,6814029,2023016,4136025000,41360001,경기도 남양주시1,경기도 남양주시 와부읍(팔당육교 부근),5,6,0,1,5,0,37.54135824,127.2533507,"{""type"":""Polygon"",""coordinates"":[[[127.25514734,37.54135824],[127.25511282,37.54108031],[127.25501058,37.54081307],[127.25484456,37.54056678],[127.25462112,37.5403509],[127.25434887,37.54017374],[127.25403825,37.54004209],[127.25370122,37.53996102],[127.25335071,37.53993365],[127.25300021,37.53996102],[127.25266317,37.54004209],[127.25235256,37.54017374],[127.2520803,37.5403509],[127.25185687,37.54056678],[127.25169084,37.54081307],[127.2515886,37.54108031],[127.25155408,37.54135824],[127.2515886,37.54163616],[127.25169084,37.54190339],[127.25185687,37.54214968],[127.2520803,37.54236555],[127.25235256,37.54254272],[127.25266317,37.54267436],[127.25300021,37.54275542],[127.25335071,37.54278279],[127.25370122,37.54275542],[127.25403825,37.54267436],[127.25434887,37.54254272],[127.25462112,37.54236555],[127.25484456,37.54214968],[127.25501058,37.54190339],[127.25511282,37.54163616],[127.25514734,37.54135824]]]}"
평택시,용이동,2022,자전거사고다발지,6813217,2023016,4122012400,41220003,경기도 평택시3,경기도 평택시 용이동(평택대 정문 사거리 부근),4,4,0,2,2,0,36.99364635,127.1314154,"{""type"":""Polygon"",""coordinates"":[[[127.13321203,36.99364635],[127.1331775,36.9933664],[127.13307527,36.99309721],[127.13290924,36.99284912],[127.13268581,36.99263167],[127.13241355,36.99245321],[127.13210294,36.9923206],[127.1317659,36.99223894],[127.1314154,36.99221137],[127.13106489,36.99223894],[127.13072786,36.9923206],[127.13041724,36.99245321],[127.13014499,36.99263167],[127.12992155,36.99284912],[127.12975553,36.99309721],[127.12965329,36.9933664],[127.12961877,36.99364635],[127.12965329,36.9939263],[127.12975553,36.99419549],[127.12992155,36.99444358],[127.13014499,36.99466103],[127.13041724,36.99483948],[127.13072786,36.99497208],[127.13106489,36.99505374],[127.1314154,36.99508131],[127.1317659,36.99505374],[127.13210294,36.99497208],[127.13241355,36.99483948],[127.13268581,36.99466103],[127.13290924,36.99444358],[127.13307527,36.99419549],[127.1331775,36.9939263],[127.13321203,36.99364635]]]}"
평택시,고덕동,2022,자전거사고다발지,6813220,2023016,4122012800,41220004,경기도 평택시4,경기도 평택시 고덕동(밸리치스퀘어 부근),4,4,0,1,2,1,37.04014188,127.0478667,"{""type"":""Polygon"",""coordinates"":[[[127.04966334,37.04014188],[127.04962882,37.0398621],[127.04952658,37.03959308],[127.04936055,37.03934514],[127.04913712,37.03912782],[127.04886486,37.03894947],[127.04855425,37.03881694],[127.04821721,37.03873533],[127.04786671,37.03870777],[127.0475162,37.03873533],[127.04717917,37.03881694],[127.04686855,37.03894947],[127.0465963,37.03912782],[127.04637286,37.03934514],[127.04620684,37.03959308],[127.0461046,37.0398621],[127.04607008,37.04014188],[127.0461046,37.04042166],[127.04620684,37.04069068],[127.04637286,37.04093862],[127.0465963,37.04115593],[127.04686855,37.04133428],[127.04717917,37.0414668],[127.0475162,37.04154841],[127.04786671,37.04157596],[127.04821721,37.04154841],[127.04855425,37.0414668],[127.04886486,37.04133428],[127.04913712,37.04115593],[127.04936055,37.04093862],[127.04952658,37.04069068],[127.04962882,37.04042166],[127.04966334,37.04014188]]]}"
하남시,풍산동,2022,자전거사고다발지,6813062,2023016,4145011000,41450001,경기도 하남시1,경기도 하남시 풍산동(하남고 앞 사거리 부근),6,6,0,3,3,0,37.56006468,127.1874071,"{""type"":""Polygon"",""coordinates"":[[[127.18920371,37.56006468],[127.18916918,37.55978683],[127.18906695,37.55951966],[127.18890092,37.55927343],[127.18867749,37.5590576],[127.18840523,37.55888048],[127.18809462,37.55874887],[127.18775758,37.55866782],[127.18740708,37.55864045],[127.18705657,37.55866782],[127.18671953,37.55874887],[127.18640892,37.55888048],[127.18613667,37.5590576],[127.18591323,37.55927343],[127.18574721,37.55951966],[127.18564497,37.55978683],[127.18561044,37.56006468],[127.18564497,37.56034253],[127.18574721,37.5606097],[127.18591323,37.56085593],[127.18613667,37.56107175],[127.18640892,37.56124886],[127.18671953,37.56138047],[127.18705657,37.56146152],[127.18740708,37.56148888],[127.18775758,37.56146152],[127.18809462,37.56138047],[127.18840523,37.56124886],[127.18867749,37.56107175],[127.18890092,37.56085593],[127.18906695,37.5606097],[127.18916918,37.56034253],[127.18920371,37.56006468]]]}"
하남시,망월동,2022,자전거사고다발지,6813181,2023016,4145010900,41450002,경기도 하남시2,경기도 하남시 망월동(미사강변13단지 후문 부근),4,4,0,1,3,0,37.56737273,127.1900942,"{""type"":""Polygon"",""coordinates"":[[[127.19189084,37.56737273],[127.19185632,37.56709491],[127.19175408,37.56682776],[127.19158805,37.56658155],[127.19136462,37.56636575],[127.19109236,37.56618864],[127.19078175,37.56605704],[127.19044471,37.565976],[127.19009421,37.56594864],[127.1897437,37.565976],[127.18940667,37.56605704],[127.18909605,37.56618864],[127.1888238,37.56636575],[127.18860036,37.56658155],[127.18843434,37.56682776],[127.1883321,37.56709491],[127.18829758,37.56737273],[127.1883321,37.56765055],[127.18843434,37.5679177],[127.18860036,37.5681639],[127.1888238,37.5683797],[127.18909605,37.5685568],[127.18940667,37.56868839],[127.1897437,37.56876943],[127.19009421,37.56879679],[127.19044471,37.56876943],[127.19078175,37.56868839],[127.19109236,37.5685568],[127.19136462,37.5683797],[127.19158805,37.5681639],[127.19175408,37.5679177],[127.19185632,37.56765055],[127.19189084,37.56737273]]]}"
성남시,분당구,2022,자전거사고다발지,6813208,2023016,4113510700,41135001,경기도 성남시 분당구1,경기도 성남시 분당구 야탑동(야탑교 부근),4,5,0,2,2,1,37.40818227,127.1246484,"{""type"":""Polygon"",""coordinates"":[[[127.12644503,37.40818227],[127.12641051,37.40790386],[127.12630827,37.40763614],[127.12614225,37.40738941],[127.12591881,37.40717314],[127.12564656,37.40699566],[127.12533594,37.40686378],[127.12499891,37.40678257],[127.1246484,37.40675515],[127.1242979,37.40678257],[127.12396086,37.40686378],[127.12365025,37.40699566],[127.12337799,37.40717314],[127.12315456,37.40738941],[127.12298853,37.40763614],[127.12288629,37.40790386],[127.12285177,37.40818227],[127.12288629,37.40846069],[127.12298853,37.4087284],[127.12315456,37.40897513],[127.12337799,37.40919139],[127.12365025,37.40936887],[127.12396086,37.40950074],[127.1242979,37.40958195],[127.1246484,37.40960937],[127.12499891,37.40958195],[127.12533594,37.40950074],[127.12564656,37.40936887],[127.12591881,37.40919139],[127.12614225,37.40897513],[127.12630827,37.4087284],[127.12641051,37.40846069],[127.12644503,37.40818227]]]}"
,,,,,,,,,,,,,,,,,,
,,,,,,,,,,,,,,,,,,
,,,,,,,,,,,,,,,,,,
,,,,,,,,,,,,,,,,,,
,,,,,,,,,,,,,,,,,,
,,,,,,,,,,,,,,,,,,
,,,,,,,,,,,,,,,,,,
,,,,,,,,,,,,,,,,,,
,,,,,,,,,,,,,,,,,,
,,,,,,,,,,,,,,,,,,
,,,,,,,,,,,,,,,,,,
,,,,,,,,,,,,,,,,,,
,,,,,,,,,,,,,,,,,,
,,,,,,,,,,,,,,,,,,
,,,,,,,,,,,,,,,,,,
,,,,,,,,,,,,,,,,,,
,,,,,,,,,,,,,,,,,,
,,,,,,,,,,,,,,,,,,
,,,,,,,,,,,,,,,,,,
,,,,,,,,,,,,,,,,,,
,,,,,,,,,,,,,,,,,,
,,,,,,,,,,,,,,,,,,
,,,,,,,,,,,,,,,,,,
,,,,,,,,,,,,,,,,,,
,,,,,,,,,,,,,,,,,,
,,,,,,,,,,,,,,,,,,
,,,,,,,,,,,,,,,,,,
,,,,,,,,,,,,,,,,,,
,,,,,,,,,,,,,,,,,,
,,,,,,,,,,,,,,,,,,
,,,,,,,,,,,,,,,,,,
,,,,,,,,,,,,,,,,,,
,,,,,,,,,,,,,,,,,,
,,,,,,,,,,,,,,,,,,
,,,,,,,,,,,,,,,,,,
,,,,,,,,,,,,,,,,,,
,,,,,,,,,,,,,,,,,,
,,,,,,,,,,,,,,,,,,
,,,,,,,,,,,,,,,,,,
,,,,,,,,,,,,,,,,,,
,,,,,,,,,,,,,,,,,,
,,,,,,,,,,,,,,,,,,
,,,,,,,,,,,,,,,,,,
,,,,,,,,,,,,,,,,,,
,,,,,,,,,,,,,,,,,,
,,,,,,,,,,,,,,,,,,
,,,,,,,,,,,,,,,,,,
,,,,,,,,,,,,,,,,,,
,,,,,,,,,,,,,,,,,,
,,,,,,,,,,,,,,,,,,
,,,,,,,,,,,,,,,,,,
,,,,,,,,,,,,,,,,,,
,,,,,,,,,,,,,,,,,,
,,,,,,,,,,,,,,,,,,
,,,,,,,,,,,,,,,,,,
,,,,,,,,,,,,,,,,,,
,,,,,,,,,,,,,,,,,,
,,,,,,,,,,,,,,,,,,
,,,,,,,,,,,,,,,,,,
,,,,,,,,,,,,,,,,,,
,,,,,,,,,,,,,,,,,,
,,,,,,,,,,,,,,,,,,
,,,,,,,,,,,,,,,,,,
,,,,,,,,,,,,,,,,,,
,,,,,,,,,,,,,,,,,,
,,,,,,,,,,,,,,,,,,
,,,,,,,,,,,,,,,,,,
,,,,,,,,,,,,,,,,,,
,,,,,,,,,,,,,,,,,,
,,,,,,,,,,,,,,,,,,
,,,,,,,,,,,,,,,,,,
,,,,,,,,,,,,,,,,,,
,,,,,,,,,,,,,,,,,,
,,,,,,,,,,,,,,,,,,
,,,,,,,,,,,,,,,,,,
,,,,,,,,,,,,,,,,,,
,,,,,,,,,,,,,,,,,,
,,,,,,,,,,,,,,,,,,
,,,,,,,,,,,,,,,,,,
,,,,,,,,,,,,,,,,,,
,,,,,,,,,,,,,,,,,,
,,,,,,,,,,,,,,,,,,
,,,,,,,,,,,,,,,,,,
,,,,,,,,,,,,,,,,,,
,,,,,,,,,,,,,,,,,,
,,,,,,,,,,,,,,,,,,
,,,,,,,,,,,,,,,,,,
,,,,,,,,,,,,,,,,,,
,,,,,,,,,,,,,,,,,,
,,,,,,,,,,,,,,,,,,
,,,,,,,,,,,,,,,,,,
,,,,,,,,,,,,,,,,,,
,,,,,,,,,,,,,,,,,,
,,,,,,,,,,,,,,,,,,
,,,,,,,,,,,,,,,,,,
,,,,,,,,,,,,,,,,,,
,,,,,,,,,,,,,,,,,,
,,,,,,,,,,,,,,,,,,
,,,,,,,,,,,,,,,,,,
,,,,,,,,,,,,,,,,,,
,,,,,,,,,,,,,,,,,,
,,,,,,,,,,,,,,,,,,
,,,,,,,,,,,,,,,,,,
,,,,,,,,,,,,,,,,,,
,,,,,,,,,,,,,,,,,,
,,,,,,,,,,,,,,,,,,
,,,,,,,,,,,,,,,,,,
,,,,,,,,,,,,,,,,,,
,,,,,,,,,,,,,,,,,,
,,,,,,,,,,,,,,,,,,
,,,,,,,,,,,,,,,,,,
,,,,,,,,,,,,,,,,,,
,,,,,,,,,,,,,,,,,,
,,,,,,,,,,,,,,,,,,
,,,,,,,,,,,,,,,,,,
,,,,,,,,,,,,,,,,,,
,,,,,,,,,,,,,,,,,,
,,,,,,,,,,,,,,,,,,
,,,,,,,,,,,,,,,,,,
,,,,,,,,,,,,,,,,,,
,,,,,,,,,,,,,,,,,,
,,,,,,,,,,,,,,,,,,
,,,,,,,,,,,,,,,,,,
,,,,,,,,,,,,,,,,,,
,,,,,,,,,,,,,,,,,,
,,,,,,,,,,,,,,,,,,
,,,,,,,,,,,,,,,,,,
,,,,,,,,,,,,,,,,,,
,,,,,,,,,,,,,,,,,,
,,,,,,,,,,,,,,,,,,
,,,,,,,,,,,,,,,,,,
,,,,,,,,,,,,,,,,,,
,,,,,,,,,,,,,,,,,,
,,,,,,,,,,,,,,,,,,
,,,,,,,,,,,,,,,,,,
,,,,,,,,,,,,,,,,,,
,,,,,,,,,,,,,,,,,,
,,,,,,,,,,,,,,,,,,
,,,,,,,,,,,,,,,,,,
,,,,,,,,,,,,,,,,,,
,,,,,,,,,,,,,,,,,,
,,,,,,,,,,,,,,,,,,
,,,,,,,,,,,,,,,,,,
,,,,,,,,,,,,,,,,,,
,,,,,,,,,,,,,,,,,,
,,,,,,,,,,,,,,,,,,
,,,,,,,,,,,,,,,,,,
,,,,,,,,,,,,,,,,,,
,,,,,,,,,,,,,,,,,,
,,,,,,,,,,,,,,,,,,
,,,,,,,,,,,,,,,,,,
,,,,,,,,,,,,,,,,,,
,,,,,,,,,,,,,,,,,,
,,,,,,,,,,,,,,,,,,
,,,,,,,,,,,,,,,,,,
,,,,,,,,,,,,,,,,,,
,,,,,,,,,,,,,,,,,,
,,,,,,,,,,,,,,,,,,
,,,,,,,,,,,,,,,,,,
,,,,,,,,,,,,,,,,,,
,,,,,,,,,,,,,,,,,,
,,,,,,,,,,,,,,,,,,
,,,,,,,,,,,,,,,,,,
,,,,,,,,,,,,,,,,,,
,,,,,,,,,,,,,,,,,,
,,,,,,,,,,,,,,,,,,
,,,,,,,,,,,,,,,,,,
,,,,,,,,,,,,,,,,,,
,,,,,,,,,,,,,,,,,,
,,,,,,,,,,,,,,,,,,
,,,,,,,,,,,,,,,,,,
,,,,,,,,,,,,,,,,,,
,,,,,,,,,,,,,,,,,,
,,,,,,,,,,,,,,,,,,
,,,,,,,,,,,,,,,,,,
,,,,,,,,,,,,,,,,,,
,,,,,,,,,,,,,,,,,,
,,,,,,,,,,,,,,,,,,
,,,,,,,,,,,,,,,,,,
,,,,,,,,,,,,,,,,,,
,,,,,,,,,,,,,,,,,,
,,,,,,,,,,,,,,,,,,
,,,,,,,,,,,,,,,,,,
,,,,,,,,,,,,,,,,,,
,,,,,,,,,,,,,,,,,,
,,,,,,,,,,,,,,,,,,
,,,,,,,,,,,,,,,,,,
,,,,,,,,,,,,,,,,,,
,,,,,,,,,,,,,,,,,,
,,,,,,,,,,,,,,,,,,
,,,,,,,,,,,,,,,,,,
,,,,,,,,,,,,,,,,,,
,,,,,,,,,,,,,,,,,,
,,,,,,,,,,,,,,,,,,
,,,,,,,,,,,,,,,,,,
,,,,,,,,,,,,,,,,,,
,,,,,,,,,,,,,,,,,,
,,,,,,,,,,,,,,,,,,
,,,,,,,,,,,,,,,,,,
,,,,,,,,,,,,,,,,,,
,,,,,,,,,,,,,,,,,,
,,,,,,,,,,,,,,,,,,
,,,,,,,,,,,,,,,,,,
,,,,,,,,,,,,,,,,,,
,,,,,,,,,,,,,,,,,,
,,,,,,,,,,,,,,,,,,
,,,,,,,,,,,,,,,,,,
,,,,,,,,,,,,,,,,,,
,,,,,,,,,,,,,,,,,,
,,,,,,,,,,,,,,,,,,
,,,,,,,,,,,,,,,,,,
,,,,,,,,,,,,,,,,,,
,,,,,,,,,,,,,,,,,,
,,,,,,,,,,,,,,,,,,
,,,,,,,,,,,,,,,,,,
,,,,,,,,,,,,,,,,,,
,,,,,,,,,,,,,,,,,,
,,,,,,,,,,,,,,,,,,
,,,,,,,,,,,,,,,,,,
,,,,,,,,,,,,,,,,,,
,,,,,,,,,,,,,,,,,,
,,,,,,,,,,,,,,,,,,
,,,,,,,,,,,,,,,,,,
,,,,,,,,,,,,,,,,,,
,,,,,,,,,,,,,,,,,,
,,,,,,,,,,,,,,,,,,
,,,,,,,,,,,,,,,,,,
,,,,,,,,,,,,,,,,,,
,,,,,,,,,,,,,,,,,,
,,,,,,,,,,,,,,,,,,
,,,,,,,,,,,,,,,,,,
,,,,,,,,,,,,,,,,,,
,,,,,,,,,,,,,,,,,,
,,,,,,,,,,,,,,,,,,
,,,,,,,,,,,,,,,,,,
,,,,,,,,,,,,,,,,,,
,,,,,,,,,,,,,,,,,,
,,,,,,,,,,,,,,,,,,
,,,,,,,,,,,,,,,,,,
,,,,,,,,,,,,,,,,,,
,,,,,,,,,,,,,,,,,,
,,,,,,,,,,,,,,,,,,
,,,,,,,,,,,,,,,,,,
,,,,,,,,,,,,,,,,,,
,,,,,,,,,,,,,,,,,,
,,,,,,,,,,,,,,,,,,
,,,,,,,,,,,,,,,,,,
,,,,,,,,,,,,,,,,,,
,,,,,,,,,,,,,,,,,,
,,,,,,,,,,,,,,,,,,
,,,,,,,,,,,,,,,,,,
,,,,,,,,,,,,,,,,,,
,,,,,,,,,,,,,,,,,,
,,,,,,,,,,,,,,,,,,
,,,,,,,,,,,,,,,,,,
,,,,,,,,,,,,,,,,,,
,,,,,,,,,,,,,,,,,,
,,,,,,,,,,,,,,,,,,
,,,,,,,,,,,,,,,,,,
,,,,,,,,,,,,,,,,,,
,,,,,,,,,,,,,,,,,,
,,,,,,,,,,,,,,,,,,
,,,,,,,,,,,,,,,,,,
,,,,,,,,,,,,,,,,,,
,,,,,,,,,,,,,,,,,,
,,,,,,,,,,,,,,,,,,
,,,,,,,,,,,,,,,,,,
,,,,,,,,,,,,,,,,,,
,,,,,,,,,,,,,,,,,,
,,,,,,,,,,,,,,,,,,
,,,,,,,,,,,,,,,,,,
,,,,,,,,,,,,,,,,,,
,,,,,,,,,,,,,,,,,,
,,,,,,,,,,,,,,,,,,
,,,,,,,,,,,,,,,,,,
,,,,,,,,,,,,,,,,,,
,,,,,,,,,,,,,,,,,,
,,,,,,,,,,,,,,,,,,
,,,,,,,,,,,,,,,,,,
,,,,,,,,,,,,,,,,,,
,,,,,,,,,,,,,,,,,,
,,,,,,,,,,,,,,,,,,
,,,,,,,,,,,,,,,,,,
,,,,,,,,,,,,,,,,,,
,,,,,,,,,,,,,,,,,,
,,,,,,,,,,,,,,,,,,
,,,,,,,,,,,,,,,,,,
,,,,,,,,,,,,,,,,,,
,,,,,,,,,,,,,,,,,,
,,,,,,,,,,,,,,,,,,
,,,,,,,,,,,,,,,,,,
,,,,,,,,,,,,,,,,,,
,,,,,,,,,,,,,,,,,,
,,,,,,,,,,,,,,,,,,
,,,,,,,,,,,,,,,,,,
,,,,,,,,,,,,,,,,,,
,,,,,,,,,,,,,,,,,,
,,,,,,,,,,,,,,,,,,
,,,,,,,,,,,,,,,,,,
,,,,,,,,,,,,,,,,,,
,,,,,,,,,,,,,,,,,,
,,,,,,,,,,,,,,,,,,
,,,,,,,,,,,,,,,,,,
,,,,,,,,,,,,,,,,,,
,,,,,,,,,,,,,,,,,,
,,,,,,,,,,,,,,,,,,
,,,,,,,,,,,,,,,,,,
,,,,,,,,,,,,,,,,,,
,,,,,,,,,,,,,,,,,,
,,,,,,,,,,,,,,,,,,
,,,,,,,,,,,,,,,,,,
,,,,,,,,,,,,,,,,,,
,,,,,,,,,,,,,,,,,,
,,,,,,,,,,,,,,,,,,
,,,,,,,,,,,,,,,,,,
,,,,,,,,,,,,,,,,,,
,,,,,,,,,,,,,,,,,,
,,,,,,,,,,,,,,,,,,
,,,,,,,,,,,,,,,,,,
,,,,,,,,,,,,,,,,,,
,,,,,,,,,,,,,,,,,,
,,,,,,,,,,,,,,,,,,
,,,,,,,,,,,,,,,,,,
,,,,,,,,,,,,,,,,,,
,,,,,,,,,,,,,,,,,,
,,,,,,,,,,,,,,,,,,
,,,,,,,,,,,,,,,,,,
,,,,,,,,,,,,,,,,,,
,,,,,,,,,,,,,,,,,,
,,,,,,,,,,,,,,,,,,
,,,,,,,,,,,,,,,,,,
,,,,,,,,,,,,,,,,,,
,,,,,,,,,,,,,,,,,,
,,,,,,,,,,,,,,,,,,
,,,,,,,,,,,,,,,,,,
,,,,,,,,,,,,,,,,,,
,,,,,,,,,,,,,,,,,,
,,,,,,,,,,,,,,,,,,
,,,,,,,,,,,,,,,,,,
,,,,,,,,,,,,,,,,,,
,,,,,,,,,,,,,,,,,,
,,,,,,,,,,,,,,,,,,
,,,,,,,,,,,,,,,,,,
,,,,,,,,,,,,,,,,,,
,,,,,,,,,,,,,,,,,,
,,,,,,,,,,,,,,,,,,
,,,,,,,,,,,,,,,,,,
,,,,,,,,,,,,,,,,,,
,,,,,,,,,,,,,,,,,,
,,,,,,,,,,,,,,,,,,
,,,,,,,,,,,,,,,,,,
,,,,,,,,,,,,,,,,,,
,,,,,,,,,,,,,,,,,,
,,,,,,,,,,,,,,,,,,
,,,,,,,,,,,,,,,,,,
,,,,,,,,,,,,,,,,,,
,,,,,,,,,,,,,,,,,,
,,,,,,,,,,,,,,,,,,
,,,,,,,,,,,,,,,,,,
,,,,,,,,,,,,,,,,,,
,,,,,,,,,,,,,,,,,,
,,,,,,,,,,,,,,,,,,
,,,,,,,,,,,,,,,,,,
,,,,,,,,,,,,,,,,,,
,,,,,,,,,,,,,,,,,,
,,,,,,,,,,,,,,,,,,
,,,,,,,,,,,,,,,,,,
,,,,,,,,,,,,,,,,,,
,,,,,,,,,,,,,,,,,,
,,,,,,,,,,,,,,,,,,
,,,,,,,,,,,,,,,,,,
,,,,,,,,,,,,,,,,,,
,,,,,,,,,,,,,,,,,,
,,,,,,,,,,,,,,,,,,
,,,,,,,,,,,,,,,,,,
,,,,,,,,,,,,,,,,,,
,,,,,,,,,,,,,,,,,,
,,,,,,,,,,,,,,,,,,
,,,,,,,,,,,,,,,,,,
,,,,,,,,,,,,,,,,,,
,,,,,,,,,,,,,,,,,,
,,,,,,,,,,,,,,,,,,
,,,,,,,,,,,,,,,,,,
,,,,,,,,,,,,,,,,,,
,,,,,,,,,,,,,,,,,,
,,,,,,,,,,,,,,,,,,
,,,,,,,,,,,,,,,,,,
,,,,,,,,,,,,,,,,,,
,,,,,,,,,,,,,,,,,,
,,,,,,,,,,,,,,,,,,
,,,,,,,,,,,,,,,,,,
,,,,,,,,,,,,,,,,,,
,,,,,,,,,,,,,,,,,,
,,,,,,,,,,,,,,,,,,
,,,,,,,,,,,,,,,,,,
,,,,,,,,,,,,,,,,,,
,,,,,,,,,,,,,,,,,,
,,,,,,,,,,,,,,,,,,
,,,,,,,,,,,,,,,,,,
,,,,,,,,,,,,,,,,,,
,,,,,,,,,,,,,,,,,,
,,,,,,,,,,,,,,,,,,
,,,,,,,,,,,,,,,,,,
,,,,,,,,,,,,,,,,,,
,,,,,,,,,,,,,,,,,,
,,,,,,,,,,,,,,,,,,
,,,,,,,,,,,,,,,,,,
,,,,,,,,,,,,,,,,,,
,,,,,,,,,,,,,,,,,,
,,,,,,,,,,,,,,,,,,
,,,,,,,,,,,,,,,,,,
,,,,,,,,,,,,,,,,,,
,,,,,,,,,,,,,,,,,,
,,,,,,,,,,,,,,,,,,
,,,,,,,,,,,,,,,,,,
,,,,,,,,,,,,,,,,,,
,,,,,,,,,,,,,,,,,,
,,,,,,,,,,,,,,,,,,
,,,,,,,,,,,,,,,,,,
,,,,,,,,,,,,,,,,,,
,,,,,,,,,,,,,,,,,,
,,,,,,,,,,,,,,,,,,
,,,,,,,,,,,,,,,,,,
,,,,,,,,,,,,,,,,,,
,,,,,,,,,,,,,,,,,,
,,,,,,,,,,,,,,,,,,
,,,,,,,,,,,,,,,,,,
,,,,,,,,,,,,,,,,,,
,,,,,,,,,,,,,,,,,,
,,,,,,,,,,,,,,,,,,
,,,,,,,,,,,,,,,,,,
,,,,,,,,,,,,,,,,,,
,,,,,,,,,,,,,,,,,,
,,,,,,,,,,,,,,,,,,
,,,,,,,,,,,,,,,,,,
,,,,,,,,,,,,,,,,,,
,,,,,,,,,,,,,,,,,,
,,,,,,,,,,,,,,,,,,
,,,,,,,,,,,,,,,,,,
,,,,,,,,,,,,,,,,,,
,,,,,,,,,,,,,,,,,,
,,,,,,,,,,,,,,,,,,
,,,,,,,,,,,,,,,,,,
,,,,,,,,,,,,,,,,,,
,,,,,,,,,,,,,,,,,,
,,,,,,,,,,,,,,,,,,
,,,,,,,,,,,,,,,,,,
,,,,,,,,,,,,,,,,,,
,,,,,,,,,,,,,,,,,,
,,,,,,,,,,,,,,,,,,
,,,,,,,,,,,,,,,,,,
,,,,,,,,,,,,,,,,,,
,,,,,,,,,,,,,,,,,,
,,,,,,,,,,,,,,,,,,
,,,,,,,,,,,,,,,,,,
,,,,,,,,,,,,,,,,,,
,,,,,,,,,,,,,,,,,,
,,,,,,,,,,,,,,,,,,
,,,,,,,,,,,,,,,,,,
,,,,,,,,,,,,,,,,,,
,,,,,,,,,,,,,,,,,,
,,,,,,,,,,,,,,,,,,
,,,,,,,,,,,,,,,,,,
,,,,,,,,,,,,,,,,,,
,,,,,,,,,,,,,,,,,,
,,,,,,,,,,,,,,,,,,
,,,,,,,,,,,,,,,,,,
,,,,,,,,,,,,,,,,,,
,,,,,,,,,,,,,,,,,,
,,,,,,,,,,,,,,,,,,
,,,,,,,,,,,,,,,,,,
,,,,,,,,,,,,,,,,,,
,,,,,,,,,,,,,,,,,,
,,,,,,,,,,,,,,,,,,
,,,,,,,,,,,,,,,,,,
,,,,,,,,,,,,,,,,,,
,,,,,,,,,,,,,,,,,,
,,,,,,,,,,,,,,,,,,
,,,,,,,,,,,,,,,,,,
,,,,,,,,,,,,,,,,,,
,,,,,,,,,,,,,,,,,,
,,,,,,,,,,,,,,,,,,
,,,,,,,,,,,,,,,,,,
,,,,,,,,,,,,,,,,,,
,,,,,,,,,,,,,,,,,,
,,,,,,,,,,,,,,,,,,
,,,,,,,,,,,,,,,,,,
,,,,,,,,,,,,,,,,,,
,,,,,,,,,,,,,,,,,,
,,,,,,,,,,,,,,,,,,
,,,,,,,,,,,,,,,,,,
,,,,,,,,,,,,,,,,,,
,,,,,,,,,,,,,,,,,,
,,,,,,,,,,,,,,,,,,
,,,,,,,,,,,,,,,,,,
,,,,,,,,,,,,,,,,,,
,,,,,,,,,,,,,,,,,,
,,,,,,,,,,,,,,,,,,
,,,,,,,,,,,,,,,,,,
,,,,,,,,,,,,,,,,,,
,,,,,,,,,,,,,,,,,,
,,,,,,,,,,,,,,,,,,
,,,,,,,,,,,,,,,,,,
,,,,,,,,,,,,,,,,,,
,,,,,,,,,,,,,,,,,,
,,,,,,,,,,,,,,,,,,
,,,,,,,,,,,,,,,,,,
,,,,,,,,,,,,,,,,,,
,,,,,,,,,,,,,,,,,,
,,,,,,,,,,,,,,,,,,
,,,,,,,,,,,,,,,,,,
,,,,,,,,,,,,,,,,,,
,,,,,,,,,,,,,,,,,,
,,,,,,,,,,,,,,,,,,
,,,,,,,,,,,,,,,,,,
,,,,,,,,,,,,,,,,,,
,,,,,,,,,,,,,,,,,,
,,,,,,,,,,,,,,,,,,
,,,,,,,,,,,,,,,,,,
,,,,,,,,,,,,,,,,,,
,,,,,,,,,,,,,,,,,,
,,,,,,,,,,,,,,,,,,
,,,,,,,,,,,,,,,,,,
,,,,,,,,,,,,,,,,,,
,,,,,,,,,,,,,,,,,,
,,,,,,,,,,,,,,,,,,
,,,,,,,,,,,,,,,,,,
,,,,,,,,,,,,,,,,,,
,,,,,,,,,,,,,,,,,,
,,,,,,,,,,,,,,,,,,
,,,,,,,,,,,,,,,,,,
,,,,,,,,,,,,,,,,,,
,,,,,,,,,,,,,,,,,,
,,,,,,,,,,,,,,,,,,
,,,,,,,,,,,,,,,,,,
,,,,,,,,,,,,,,,,,,
,,,,,,,,,,,,,,,,,,
,,,,,,,,,,,,,,,,,,
,,,,,,,,,,,,,,,,,,
,,,,,,,,,,,,,,,,,,
,,,,,,,,,,,,,,,,,,
,,,,,,,,,,,,,,,,,,
,,,,,,,,,,,,,,,,,,
,,,,,,,,,,,,,,,,,,
,,,,,,,,,,,,,,,,,,
,,,,,,,,,,,,,,,,,,
,,,,,,,,,,,,,,,,,,
,,,,,,,,,,,,,,,,,,
,,,,,,,,,,,,,,,,,,
,,,,,,,,,,,,,,,,,,
,,,,,,,,,,,,,,,,,,
,,,,,,,,,,,,,,,,,,
,,,,,,,,,,,,,,,,,,
,,,,,,,,,,,,,,,,,,
,,,,,,,,,,,,,,,,,,
,,,,,,,,,,,,,,,,,,
,,,,,,,,,,,,,,,,,,
,,,,,,,,,,,,,,,,,,
,,,,,,,,,,,,,,,,,,
,,,,,,,,,,,,,,,,,,
,,,,,,,,,,,,,,,,,,
,,,,,,,,,,,,,,,,,,
,,,,,,,,,,,,,,,,,,
,,,,,,,,,,,,,,,,,,
,,,,,,,,,,,,,,,,,,
,,,,,,,,,,,,,,,,,,
,,,,,,,,,,,,,,,,,,
,,,,,,,,,,,,,,,,,,
,,,,,,,,,,,,,,,,,,
,,,,,,,,,,,,,,,,,,
,,,,,,,,,,,,,,,,,,
,,,,,,,,,,,,,,,,,,
,,,,,,,,,,,,,,,,,,
,,,,,,,,,,,,,,,,,,
,,,,,,,,,,,,,,,,,,
,,,,,,,,,,,,,,,,,,
,,,,,,,,,,,,,,,,,,
,,,,,,,,,,,,,,,,,,
,,,,,,,,,,,,,,,,,,
,,,,,,,,,,,,,,,,,,
,,,,,,,,,,,,,,,,,,
,,,,,,,,,,,,,,,,,,
,,,,,,,,,,,,,,,,,,
,,,,,,,,,,,,,,,,,,
,,,,,,,,,,,,,,,,,,
,,,,,,,,,,,,,,,,,,
,,,,,,,,,,,,,,,,,,
,,,,,,,,,,,,,,,,,,
,,,,,,,,,,,,,,,,,,
,,,,,,,,,,,,,,,,,,
,,,,,,,,,,,,,,,,,,
,,,,,,,,,,,,,,,,,,
,,,,,,,,,,,,,,,,,,
,,,,,,,,,,,,,,,,,,
,,,,,,,,,,,,,,,,,,
,,,,,,,,,,,,,,,,,,
,,,,,,,,,,,,,,,,,,
,,,,,,,,,,,,,,,,,,
,,,,,,,,,,,,,,,,,,
,,,,,,,,,,,,,,,,,,
,,,,,,,,,,,,,,,,,,
,,,,,,,,,,,,,,,,,,
,,,,,,,,,,,,,,,,,,
,,,,,,,,,,,,,,,,,,
,,,,,,,,,,,,,,,,,,
,,,,,,,,,,,,,,,,,,
,,,,,,,,,,,,,,,,,,
,,,,,,,,,,,,,,,,,,
,,,,,,,,,,,,,,,,,,
,,,,,,,,,,,,,,,,,,
,,,,,,,,,,,,,,,,,,
,,,,,,,,,,,,,,,,,,
,,,,,,,,,,,,,,,,,,
,,,,,,,,,,,,,,,,,,
,,,,,,,,,,,,,,,,,,
,,,,,,,,,,,,,,,,,,
,,,,,,,,,,,,,,,,,,
,,,,,,,,,,,,,,,,,,
,,,,,,,,,,,,,,,,,,
,,,,,,,,,,,,,,,,,,
,,,,,,,,,,,,,,,,,,
,,,,,,,,,,,,,,,,,,
,,,,,,,,,,,,,,,,,,
,,,,,,,,,,,,,,,,,,
,,,,,,,,,,,,,,,,,,
,,,,,,,,,,,,,,,,,,
,,,,,,,,,,,,,,,,,,
,,,,,,,,,,,,,,,,,,
,,,,,,,,,,,,,,,,,,
,,,,,,,,,,,,,,,,,,
,,,,,,,,,,,,,,,,,,
,,,,,,,,,,,,,,,,,,
,,,,,,,,,,,,,,,,,,
,,,,,,,,,,,,,,,,,,
,,,,,,,,,,,,,,,,,,
,,,,,,,,,,,,,,,,,,
,,,,,,,,,,,,,,,,,,
,,,,,,,,,,,,,,,,,,
,,,,,,,,,,,,,,,,,,
,,,,,,,,,,,,,,,,,,
,,,,,,,,,,,,,,,,,,
,,,,,,,,,,,,,,,,,,
,,,,,,,,,,,,,,,,,,
,,,,,,,,,,,,,,,,,,
,,,,,,,,,,,,,,,,,,
,,,,,,,,,,,,,,,,,,
,,,,,,,,,,,,,,,,,,
,,,,,,,,,,,,,,,,,,
,,,,,,,,,,,,,,,,,,
,,,,,,,,,,,,,,,,,,
,,,,,,,,,,,,,,,,,,
,,,,,,,,,,,,,,,,,,
,,,,,,,,,,,,,,,,,,
,,,,,,,,,,,,,,,,,,
,,,,,,,,,,,,,,,,,,
,,,,,,,,,,,,,,,,,,
,,,,,,,,,,,,,,,,,,
,,,,,,,,,,,,,,,,,,
,,,,,,,,,,,,,,,,,,
,,,,,,,,,,,,,,,,,,
,,,,,,,,,,,,,,,,,,
,,,,,,,,,,,,,,,,,,
,,,,,,,,,,,,,,,,,,
,,,,,,,,,,,,,,,,,,
,,,,,,,,,,,,,,,,,,
,,,,,,,,,,,,,,,,,,
,,,,,,,,,,,,,,,,,,
,,,,,,,,,,,,,,,,,,
,,,,,,,,,,,,,,,,,,
,,,,,,,,,,,,,,,,,,
,,,,,,,,,,,,,,,,,,
,,,,,,,,,,,,,,,,,,
,,,,,,,,,,,,,,,,,,
,,,,,,,,,,,,,,,,,,
,,,,,,,,,,,,,,,,,,
,,,,,,,,,,,,,,,,,,
,,,,,,,,,,,,,,,,,,
,,,,,,,,,,,,,,,,,,
,,,,,,,,,,,,,,,,,,
,,,,,,,,,,,,,,,,,,
,,,,,,,,,,,,,,,,,,
,,,,,,,,,,,,,,,,,,
,,,,,,,,,,,,,,,,,,
,,,,,,,,,,,,,,,,,,
,,,,,,,,,,,,,,,,,,
,,,,,,,,,,,,,,,,,,
,,,,,,,,,,,,,,,,,,
,,,,,,,,,,,,,,,,,,
,,,,,,,,,,,,,,,,,,
,,,,,,,,,,,,,,,,,,
,,,,,,,,,,,,,,,,,,
,,,,,,,,,,,,,,,,,,
,,,,,,,,,,,,,,,,,,
,,,,,,,,,,,,,,,,,,
,,,,,,,,,,,,,,,,,,
,,,,,,,,,,,,,,,,,,
,,,,,,,,,,,,,,,,,,
,,,,,,,,,,,,,,,,,,
,,,,,,,,,,,,,,,,,,
,,,,,,,,,,,,,,,,,,
,,,,,,,,,,,,,,,,,,
,,,,,,,,,,,,,,,,,,
,,,,,,,,,,,,,,,,,,
,,,,,,,,,,,,,,,,,,
,,,,,,,,,,,,,,,,,,
,,,,,,,,,,,,,,,,,,
,,,,,,,,,,,,,,,,,,
,,,,,,,,,,,,,,,,,,
,,,,,,,,,,,,,,,,,,
,,,,,,,,,,,,,,,,,,
,,,,,,,,,,,,,,,,,,
,,,,,,,,,,,,,,,,,,
,,,,,,,,,,,,,,,,,,
,,,,,,,,,,,,,,,,,,
,,,,,,,,,,,,,,,,,,
,,,,,,,,,,,,,,,,,,
,,,,,,,,,,,,,,,,,,
,,,,,,,,,,,,,,,,,,
,,,,,,,,,,,,,,,,,,
,,,,,,,,,,,,,,,,,,
,,,,,,,,,,,,,,,,,,
,,,,,,,,,,,,,,,,,,
,,,,,,,,,,,,,,,,,,
,,,,,,,,,,,,,,,,,,
,,,,,,,,,,,,,,,,,,
,,,,,,,,,,,,,,,,,,
,,,,,,,,,,,,,,,,,,
,,,,,,,,,,,,,,,,,,
,,,,,,,,,,,,,,,,,,
,,,,,,,,,,,,,,,,,,
,,,,,,,,,,,,,,,,,,
,,,,,,,,,,,,,,,,,,
,,,,,,,,,,,,,,,,,,
,,,,,,,,,,,,,,,,,,
,,,,,,,,,,,,,,,,,,
,,,,,,,,,,,,,,,,,,
,,,,,,,,,,,,,,,,,,
,,,,,,,,,,,,,,,,,,
,,,,,,,,,,,,,,,,,,
